Workbook
Name BoxName: 'REF - System & Subsystem'!$J$2:$J$1000
Name Chassis: 'REF - System & Subsystem'!$K:$K
Name Components: 'REF - System & Subsystem'!$E:$F
Name DO_9476: 'REF - Interface Cards'!$N$3:$O$30
Name Interface_Cards: 'REF - System & Subsystem'!$L:$L
Name InterfaceCards: 'REF - Interface Cards'!$B:$D
Name IO_Types: 'REF - System & Subsystem'!$M:$M
Name Locations: 'REF - System & Subsystem'!$I:$I
Name Metrics: 'REF - System & Subsystem'!$G:$H
Name Subsystems: 'REF - System & Subsystem'!$C:$D
Name Systems: 'REF - System & Subsystem'!$A:$B
Name Units: 'REF - System & Subsystem'!$N:$N

Sheet Version Control
A1: =HYPERLINK("https://docs.google.com/spreadsheets/d/1aywNd0p-7cme4XnVfCwUuuSuC4CAVWI5jEUNxNGpBUw/edit?usp=sharing","UPDATE THE MAIN RELEASE TRACKING SHEET WHEN MAKING AN ADDITION HERE") -> UPDATE THE MAIN RELEASE TRACKING SHEET WHEN MAKING AN ADDITION HERE
A2: Book | B2: Drawing/Document Number | C2: Document Name | D2: Revision | E2: Release Date | F2: Sent to | H2: Review Completed | M2: MARS Review Completed | N2: Released For Construction | O2: Date Released
G3: Notes | H3: DS | I3: JO | J3: SP | K3: TS | L3: SB
B4: CNTRL-1 | C4: LC2 IO | D4: A1 | E4: 43480 | F4: Aaron Kuipers, Walter Taraila, Nick Counts, Rickie Smith | I4: Y
B5: CNTRL-1 | C5: LC2 IO | D5: A2 | E5: 43486 | F5: Aaron Kuipers, Walter Taraila, Nick Counts, Rickie Smith | I5: Y
B6: CNTRL-1 | C6: LC2 IO | D6: A3 | E6: 43489 | F6: Aaron Kuipers, Walter Taraila, Nick Counts, Rickie Smith | H6: Y | I6: Y
B7: CNTRL-1 | C7: LC2 IO | D7: A4 | E7: 43507 | F7: In house | G7: Updated Sheet due to the change in the IO grouping
B8: CNTRL-1 | C8: LC2 IO | D8: A5 | E8: 43550 | F8: In house

Sheet Channel List
A1: I/O Code | B1: IO Code Number | C1: NEXUS Description | D1: Description | E1: End Device/P&ID Designator | F1: System | G1: Subsystem | H1: End Device Type | I1: IO Type | J1: Chassis | K1: Metric | L1: Units | M1: Ops Criticality (Crititical channels will be mode gated) | N1: Failure Worst Case Effect | O1: Failure Worst Case Severity | P1: Safety review needed
A2: =CONCATENATE(VLOOKUP(F2,Systems,2,FALSE),"-",VLOOKUP(G2,Subsystems,2,FALSE),"-",VLOOKUP(H2,Components,2,FALSE),"-",VLOOKUP(K2,Metrics,2,FALSE),"-",B2) -> AG-HF-DVL-Pos-1 | B2: 1 | C2: =_xlfn.TEXTJOIN("", TRUE, "[", E2,"] ",D2) -> [04C346] Stage 1 Anti-Geysering High Flow Valve - Cmd | D2: Stage 1 Anti-Geysering High Flow Valve - Cmd | E2: 04C346 | F2: Anti-Geysering | G2: High Flow | H2: Discrete Valve | I2: Digital Output (24V) | K2: Valve Position | L2: True/False | P2: FALSE
A3: =CONCATENATE(VLOOKUP(F3,Systems,2,FALSE),"-",VLOOKUP(G3,Subsystems,2,FALSE),"-",VLOOKUP(H3,Components,2,FALSE),"-",VLOOKUP(K3,Metrics,2,FALSE),"-",B3) -> AG-S1U-PRS-Ps-2 | B3: 2 | C3: =_xlfn.TEXTJOIN("", TRUE, "[", E3,"] ",D3) -> [04C932] Stage 1 Anti-Geysering Delivery Pressure | D3: Stage 1 Anti-Geysering Delivery Pressure | E3: 04C932 | F3: Anti-Geysering | G3: Stage 1 Umbilical | H3: Pressure Sensor | I3: Analog Input (4-20mA, sinking) | K3: Pressure | L3: PSI-G | P3: FALSE
A4: =CONCATENATE(VLOOKUP(F4,Systems,2,FALSE),"-",VLOOKUP(G4,Subsystems,2,FALSE),"-",VLOOKUP(H4,Components,2,FALSE),"-",VLOOKUP(K4,Metrics,2,FALSE),"-",B4) -> AG-S2U-PRS-Ps-3 | B4: 3 | C4: =_xlfn.TEXTJOIN("", TRUE, "[", E4,"] ",D4) -> [04C930] Stage 2 Anti Geysering Delivery Pressure | D4: Stage 2 Anti Geysering Delivery Pressure | E4: 04C930 | F4: Anti-Geysering | G4: Stage 2 Umbilical | H4: Pressure Sensor | I4: Analog Input (4-20mA, sinking) | K4: Pressure | L4: PSI-G | P4: FALSE
A5: =CONCATENATE(VLOOKUP(F5,Systems,2,FALSE),"-",VLOOKUP(G5,Subsystems,2,FALSE),"-",VLOOKUP(H5,Components,2,FALSE),"-",VLOOKUP(K5,Metrics,2,FALSE),"-",B5) -> AG-HF-DVL-Pos-4 | B5: 4 | C5: =_xlfn.TEXTJOIN("", TRUE, "[", E5,"] ",D5) -> [04C386] Stage 2 Anti-Geysering High Flow Valve Controller | D5: Stage 2 Anti-Geysering High Flow Valve Controller | E5: 04C386 | F5: Anti-Geysering | G5: High Flow | H5: Discrete Valve | I5: Digital Output (24V) | K5: Valve Position | L5: True/False | P5: FALSE
A6: =CONCATENATE(VLOOKUP(F6,Systems,2,FALSE),"-",VLOOKUP(G6,Subsystems,2,FALSE),"-",VLOOKUP(H6,Components,2,FALSE),"-",VLOOKUP(K6,Metrics,2,FALSE),"-",B6) -> AG-LF-DVL-Pos-5 | B6: 5 | C6: =_xlfn.TEXTJOIN("", TRUE, "[", E6,"] ",D6) -> [04C345] Stage 1 Anti-Geysering Low Flow Valve - Cmd | D6: Stage 1 Anti-Geysering Low Flow Valve - Cmd | E6: 04C345 | F6: Anti-Geysering | G6: Low Flow | H6: Discrete Valve | I6: Digital Output (24V) | K6: Valve Position | L6: True/False | P6: FALSE
A7: =CONCATENATE(VLOOKUP(F7,Systems,2,FALSE),"-",VLOOKUP(G7,Subsystems,2,FALSE),"-",VLOOKUP(H7,Components,2,FALSE),"-",VLOOKUP(K7,Metrics,2,FALSE),"-",B7) -> AG-LF-DVL-Pos-6 | B7: 6 | C7: =_xlfn.TEXTJOIN("", TRUE, "[", E7,"] ",D7) -> [04C385] Stage 2 Anti-Geysering Low Flow Valve Controller | D7: Stage 2 Anti-Geysering Low Flow Valve Controller | E7: 04C385 | F7: Anti-Geysering | G7: Low Flow | H7: Discrete Valve | I7: Digital Output (24V) | K7: Valve Position | L7: True/False | P7: FALSE
A8: =CONCATENATE(VLOOKUP(F8,Systems,2,FALSE),"-",VLOOKUP(G8,Subsystems,2,FALSE),"-",VLOOKUP(H8,Components,2,FALSE),"-",VLOOKUP(K8,Metrics,2,FALSE),"-",B8) -> ASP--AxCt-ST-7 | B8: 7 | C8: =_xlfn.TEXTJOIN("", TRUE, "[", E8,"] ",D8) -> [FTS-ISO(A)] Power Isolation Contactor FTS-ISO(A) | D8: Power Isolation Contactor FTS-ISO(A) | E8: FTS-ISO(A) | F8: Avionics Shore Power | G8: BLANK | H8: Auxiliary Contact | I8: Digital Input (24V) | K8: State | L8: True/False | P8: FALSE
A9: =CONCATENATE(VLOOKUP(F9,Systems,2,FALSE),"-",VLOOKUP(G9,Subsystems,2,FALSE),"-",VLOOKUP(H9,Components,2,FALSE),"-",VLOOKUP(K9,Metrics,2,FALSE),"-",B9) -> ASP--AxCt-ST-8 | B9: 8 | C9: =_xlfn.TEXTJOIN("", TRUE, "[", E9,"] ",D9) -> [S3-ISO(A)] Power Isolation Contactor S3-ISO(A) | D9: Power Isolation Contactor S3-ISO(A) | E9: S3-ISO(A) | F9: Avionics Shore Power | G9: BLANK | H9: Auxiliary Contact | I9: Digital Input (24V) | K9: State | L9: True/False | P9: FALSE
A10: =CONCATENATE(VLOOKUP(F10,Systems,2,FALSE),"-",VLOOKUP(G10,Subsystems,2,FALSE),"-",VLOOKUP(H10,Components,2,FALSE),"-",VLOOKUP(K10,Metrics,2,FALSE),"-",B10) -> ASP--AxCt-ST-9 | B10: 9 | C10: =_xlfn.TEXTJOIN("", TRUE, "[", E10,"] ",D10) -> [S2L-ISO(A)] Power Isolation Contactor S2L-ISO(A) | D10: Power Isolation Contactor S2L-ISO(A) | E10: S2L-ISO(A) | F10: Avionics Shore Power | G10: BLANK | H10: Auxiliary Contact | I10: Digital Input (24V) | K10: State | L10: True/False | P10: FALSE
A11: =CONCATENATE(VLOOKUP(F11,Systems,2,FALSE),"-",VLOOKUP(G11,Subsystems,2,FALSE),"-",VLOOKUP(H11,Components,2,FALSE),"-",VLOOKUP(K11,Metrics,2,FALSE),"-",B11) -> ASP--AxCt-ST-10 | B11: 10 | C11: =_xlfn.TEXTJOIN("", TRUE, "[", E11,"] ",D11) -> [S1U-ISO(A)] Power Isolation Contactor S1U-ISO(A) | D11: Power Isolation Contactor S1U-ISO(A) | E11: S1U-ISO(A) | F11: Avionics Shore Power | G11: BLANK | H11: Auxiliary Contact | I11: Digital Input (24V) | K11: State | L11: True/False | P11: FALSE
A12: =CONCATENATE(VLOOKUP(F12,Systems,2,FALSE),"-",VLOOKUP(G12,Subsystems,2,FALSE),"-",VLOOKUP(H12,Components,2,FALSE),"-",VLOOKUP(K12,Metrics,2,FALSE),"-",B12) -> ASP--AxCt-ST-11 | B12: 11 | C12: =_xlfn.TEXTJOIN("", TRUE, "[", E12,"] ",D12) -> [S1L-ISO(A)] Power Isolation Contactor S1L-ISO(A) | D12: Power Isolation Contactor S1L-ISO(A) | E12: S1L-ISO(A) | F12: Avionics Shore Power | G12: BLANK | H12: Auxiliary Contact | I12: Digital Input (24V) | K12: State | L12: True/False | P12: FALSE
A13: =CONCATENATE(VLOOKUP(F13,Systems,2,FALSE),"-",VLOOKUP(G13,Subsystems,2,FALSE),"-",VLOOKUP(H13,Components,2,FALSE),"-",VLOOKUP(K13,Metrics,2,FALSE),"-",B13) -> ASP--AxCt-ST-12 | B13: 12 | C13: =_xlfn.TEXTJOIN("", TRUE, "[", E13,"] ",D13) -> [FTS-ISO(B)] Power Isolation Contactor FTS-ISO(B) | D13: Power Isolation Contactor FTS-ISO(B) | E13: FTS-ISO(B) | F13: Avionics Shore Power | G13: BLANK | H13: Auxiliary Contact | I13: Digital Input (24V) | K13: State | L13: True/False | P13: FALSE
... A33: =CONCATENATE(VLOOKUP(F33,Systems,2,FALSE),"-",VLOOKUP(G33,Subsystems,2,FALSE),"-",VLOOKUP(H33,Components,2,FALSE),"-",VLOOKUP(K33,Metrics,2,FALSE),"-",B33) -> CPWR-RST-FX-CD-32 | B33: 32 | C33: =_xlfn.TEXTJOIN("", TRUE, "[", E33,"] ",D33) -> [ISO-EN PSU B] Rocket Power Isolation Enable PSU B | D33: Rocket Power Isolation Enable PSU B | E33: ISO-EN PSU B | F33: Control Power | G33: Reset | H33: Fuse | I33: Digital Output (24V) | K33: Current Draw | L33: True/False | P33: FALSE
A34: =CONCATENATE(VLOOKUP(F34,Systems,2,FALSE),"-",VLOOKUP(G34,Subsystems,2,FALSE),"-",VLOOKUP(H34,Components,2,FALSE),"-",VLOOKUP(K34,Metrics,2,FALSE),"-",B34) -> CPWR-RST-FX-CD-33 | B34: 33 | C34: =_xlfn.TEXTJOIN("", TRUE, "[", E34,"] ",D34) -> [STP-CB6RST] SITOP's Reset CB6 | D34: SITOP's Reset CB6 | E34: STP-CB6RST | F34: Control Power | G34: Reset | H34: Fuse | I34: Digital Output (24V) | J34: N5 | K34: Current Draw | L34: True/False | P34: FALSE
A35: =CONCATENATE(VLOOKUP(F35,Systems,2,FALSE),"-",VLOOKUP(G35,Subsystems,2,FALSE),"-",VLOOKUP(H35,Components,2,FALSE),"-",VLOOKUP(K35,Metrics,2,FALSE),"-",B35) -> CPWR-OL-FX-CD-34 | B35: 34 | C35: =_xlfn.TEXTJOIN("", TRUE, "[", E35,"] ",D35) -> [SITOP15] SITOP15 Power power supply Trip | D35: SITOP15 Power power supply Trip | E35: SITOP15 | F35: Control Power | G35: Current Overload | H35: Fuse | I35: Digital Input (24V) | K35: Current Draw | L35: True/False | P35: FALSE
A36: =CONCATENATE(VLOOKUP(F36,Systems,2,FALSE),"-",VLOOKUP(G36,Subsystems,2,FALSE),"-",VLOOKUP(H36,Components,2,FALSE),"-",VLOOKUP(K36,Metrics,2,FALSE),"-",B36) -> CPWR-OL-FX-CD-35 | B36: 35 | C36: =_xlfn.TEXTJOIN("", TRUE, "[", E36,"] ",D36) -> [SITOP3] SITOP3 Power supply Trip | D36: SITOP3 Power supply Trip | E36: SITOP3 | F36: Control Power | G36: Current Overload | H36: Fuse | I36: Digital Input (24V) | K36: Current Draw | L36: True/False | P36: FALSE
A37: =CONCATENATE(VLOOKUP(F37,Systems,2,FALSE),"-",VLOOKUP(G37,Subsystems,2,FALSE),"-",VLOOKUP(H37,Components,2,FALSE),"-",VLOOKUP(K37,Metrics,2,FALSE),"-",B37) -> CPWR-OL-FX-CD-36 | B37: 36 | C37: =_xlfn.TEXTJOIN("", TRUE, "[", E37,"] ",D37) -> [SITOP5] SITOP5 Power supply Trip | D37: SITOP5 Power supply Trip | E37: SITOP5 | F37: Control Power | G37: Current Overload | H37: Fuse | I37: Digital Input (24V) | K37: Current Draw | L37: True/False | P37: FALSE
A38: =CONCATENATE(VLOOKUP(F38,Systems,2,FALSE),"-",VLOOKUP(G38,Subsystems,2,FALSE),"-",VLOOKUP(H38,Components,2,FALSE),"-",VLOOKUP(K38,Metrics,2,FALSE),"-",B38) -> CPWR-OL-FX-CD-37 | B38: 37 | C38: =_xlfn.TEXTJOIN("", TRUE, "[", E38,"] ",D38) -> [SITOP10] SITOP10 Power supply Trip | D38: SITOP10 Power supply Trip | E38: SITOP10 | F38: Control Power | G38: Current Overload | H38: Fuse | I38: Digital Input (24V) | K38: Current Draw | L38: True/False | P38: FALSE
A39: =CONCATENATE(VLOOKUP(F39,Systems,2,FALSE),"-",VLOOKUP(G39,Subsystems,2,FALSE),"-",VLOOKUP(H39,Components,2,FALSE),"-",VLOOKUP(K39,Metrics,2,FALSE),"-",B39) -> CPWR-OL-FX-CD-38 | B39: 38 | C39: =_xlfn.TEXTJOIN("", TRUE, "[", E39,"] ",D39) -> [SITOP8] SITOP8 Power supply Trip | D39: SITOP8 Power supply Trip | E39: SITOP8 | F39: Control Power | G39: Current Overload | H39: Fuse | I39: Digital Input (24V) | K39: Current Draw | L39: True/False | P39: FALSE
A40: =CONCATENATE(VLOOKUP(F40,Systems,2,FALSE),"-",VLOOKUP(G40,Subsystems,2,FALSE),"-",VLOOKUP(H40,Components,2,FALSE),"-",VLOOKUP(K40,Metrics,2,FALSE),"-",B40) -> CPWR-OL-FX-CD-39 | B40: 39 | C40: =_xlfn.TEXTJOIN("", TRUE, "[", E40,"] ",D40) -> [SITOP12] SITOP12 Power supply trip | D40: SITOP12 Power supply trip | E40: SITOP12 | F40: Control Power | G40: Current Overload | H40: Fuse | I40: Digital Input (24V) | K40: Current Draw | L40: True/False | P40: FALSE
A41: =CONCATENATE(VLOOKUP(F41,Systems,2,FALSE),"-",VLOOKUP(G41,Subsystems,2,FALSE),"-",VLOOKUP(H41,Components,2,FALSE),"-",VLOOKUP(K41,Metrics,2,FALSE),"-",B41) -> CPWR-OL-FX-CD-40 | B41: 40 | C41: =_xlfn.TEXTJOIN("", TRUE, "[", E41,"] ",D41) -> [SITOP14] SITOP14 Power power supply Trip | D41: SITOP14 Power power supply Trip | E41: SITOP14 | F41: Control Power | G41: Current Overload | H41: Fuse | I41: Digital Input (24V) | K41: Current Draw | L41: True/False | P41: FALSE
A42: =CONCATENATE(VLOOKUP(F42,Systems,2,FALSE),"-",VLOOKUP(G42,Subsystems,2,FALSE),"-",VLOOKUP(H42,Components,2,FALSE),"-",VLOOKUP(K42,Metrics,2,FALSE),"-",B42) -> CPWR-RST-FX-CD-41 | B42: 41 | C42: =_xlfn.TEXTJOIN("", TRUE, "[", E42,"] ",D42) -> [STP-CB8RST] SITOP's Reset CB8 | D42: SITOP's Reset CB8 | E42: STP-CB8RST | F42: Control Power | G42: Reset | H42: Fuse | I42: Digital Output (24V) | J42: C2 | K42: Current Draw | L42: True/False | P42: FALSE
A43: =CONCATENATE(VLOOKUP(F43,Systems,2,FALSE),"-",VLOOKUP(G43,Subsystems,2,FALSE),"-",VLOOKUP(H43,Components,2,FALSE),"-",VLOOKUP(K43,Metrics,2,FALSE),"-",B43) -> CPWR-RST-FX-CD-42 | B43: 42 | C43: =_xlfn.TEXTJOIN("", TRUE, "[", E43,"] ",D43) -> [STP-RST] All SITOP's Reset | D43: All SITOP's Reset | E43: STP-RST | F43: Control Power | G43: Reset | H43: Fuse | I43: Digital Output (24V) | K43: Current Draw | L43: True/False | P43: FALSE
A44: =CONCATENATE(VLOOKUP(F44,Systems,2,FALSE),"-",VLOOKUP(G44,Subsystems,2,FALSE),"-",VLOOKUP(H44,Components,2,FALSE),"-",VLOOKUP(K44,Metrics,2,FALSE),"-",B44) -> CPWR-OL-FX-CD-43 | B44: 43 | C44: =_xlfn.TEXTJOIN("", TRUE, "[", E44,"] ",D44) -> [SITOP9] SITOP9 Power supply Trip | D44: SITOP9 Power supply Trip | E44: SITOP9 | F44: Control Power | G44: Current Overload | H44: Fuse | I44: Digital Input (24V) | K44: Current Draw | L44: True/False | P44: FALSE
A45: =CONCATENATE(VLOOKUP(F45,Systems,2,FALSE),"-",VLOOKUP(G45,Subsystems,2,FALSE),"-",VLOOKUP(H45,Components,2,FALSE),"-",VLOOKUP(K45,Metrics,2,FALSE),"-",B45) -> HVBH-ESTOP-SAFTEY-RELAY-ST-44 | B45: 44 | C45: =_xlfn.TEXTJOIN("", TRUE, "[", E45,"] ",D45) -> [HVHSUP] HVBH E-Stop Status | D45: HVBH E-Stop Status | E45: HVHSUP | F45: High Voltage Battery Heaters | G45: E-Stop | H45: Safety Relay | I45: Digital Input (24V) | K45: State | L45: True/False | P45: FALSE
A46: =CONCATENATE(VLOOKUP(F46,Systems,2,FALSE),"-",VLOOKUP(G46,Subsystems,2,FALSE),"-",VLOOKUP(H46,Components,2,FALSE),"-",VLOOKUP(K46,Metrics,2,FALSE),"-",B46) -> CPWR-RST-FX-CD-45 | B46: 45 | C46: =_xlfn.TEXTJOIN("", TRUE, "[", E46,"] ",D46) -> [CPWR-RST-FX-CD-45] 24V Safety E-stop | D46: 24V Safety E-stop | E46: CPWR-RST-FX-CD-45 | F46: Control Power | G46: Reset | H46: Fuse | I46: Digital Output (24V) | K46: Current Draw | L46: True/False | P46: FALSE
A47: =CONCATENATE(VLOOKUP(F47,Systems,2,FALSE),"-",VLOOKUP(G47,Subsystems,2,FALSE),"-",VLOOKUP(H47,Components,2,FALSE),"-",VLOOKUP(K47,Metrics,2,FALSE),"-",B47) -> CPWR-OL-FX-CD-46 | B47: 46 | C47: =_xlfn.TEXTJOIN("", TRUE, "[", E47,"] ",D47) -> [SITOP11] SITOP11 Power supply trip | D47: SITOP11 Power supply trip | E47: SITOP11 | F47: Control Power | G47: Current Overload | H47: Fuse | I47: Digital Input (24V) | K47: Current Draw | L47: True/False | P47: FALSE
A48: =CONCATENATE(VLOOKUP(F48,Systems,2,FALSE),"-",VLOOKUP(G48,Subsystems,2,FALSE),"-",VLOOKUP(H48,Components,2,FALSE),"-",VLOOKUP(K48,Metrics,2,FALSE),"-",B48) -> GHe-STR-DVL-Pos-47 | B48: 47 | C48: =_xlfn.TEXTJOIN("", TRUE, "[", E48,"] ",D48) -> [04C342] GHe Source Pressure Supply Backup Discrete Valve Controller | D48: GHe Source Pressure Supply Backup Discrete Valve Controller | E48: 04C342 | F48: Gas Helium | G48: Storage | H48: Discrete Valve | I48: Digital Output (24V) | K48: Valve Position | L48: True/False | P48: FALSE
A49: =CONCATENATE(VLOOKUP(F49,Systems,2,FALSE),"-",VLOOKUP(G49,Subsystems,2,FALSE),"-",VLOOKUP(H49,Components,2,FALSE),"-",VLOOKUP(K49,Metrics,2,FALSE),"-",B49) -> GHe-STR-PRS-Ps-48 | B49: 48 | C49: =_xlfn.TEXTJOIN("", TRUE, "[", E49,"] ",D49) -> [04C924] Gas Helium Bottle Pressure | D49: Gas Helium Bottle Pressure | E49: 04C924 | F49: Gas Helium | G49: Storage | H49: Pressure Sensor | I49: Analog Input (4-20mA, sinking) | K49: Pressure | L49: PSI-G | P49: FALSE
A50: =CONCATENATE(VLOOKUP(F50,Systems,2,FALSE),"-",VLOOKUP(G50,Subsystems,2,FALSE),"-",VLOOKUP(H50,Components,2,FALSE),"-",VLOOKUP(K50,Metrics,2,FALSE),"-",B50) -> GHe-STR-PRS-Ps-49 | B50: 49 | C50: =_xlfn.TEXTJOIN("", TRUE, "[", E50,"] ",D50) -> [04C925] Gas Helium Regulator Pressure | D50: Gas Helium Regulator Pressure | E50: 04C925 | F50: Gas Helium | G50: Storage | H50: Pressure Sensor | I50: Analog Input (4-20mA, sinking) | K50: Pressure | L50: PSI-G | P50: FALSE
A51: =CONCATENATE(VLOOKUP(F51,Systems,2,FALSE),"-",VLOOKUP(G51,Subsystems,2,FALSE),"-",VLOOKUP(H51,Components,2,FALSE),"-",VLOOKUP(K51,Metrics,2,FALSE),"-",B51) -> GHe-STR-DVL-Pos-50 | B51: 50 | C51: =_xlfn.TEXTJOIN("", TRUE, "[", E51,"] ",D51) -> [04C343] Store Helium Back up | D51: Store Helium Back up | E51: 04C343 | F51: Gas Helium | G51: Storage | H51: Discrete Valve | I51: Digital Output (24V) | K51: Valve Position | L51: True/False | P51: FALSE
A52: =CONCATENATE(VLOOKUP(F52,Systems,2,FALSE),"-",VLOOKUP(G52,Subsystems,2,FALSE),"-",VLOOKUP(H52,Components,2,FALSE),"-",VLOOKUP(K52,Metrics,2,FALSE),"-",B52) -> GN2-STR-PRS-Ps-51 | B52: 51 | C52: =_xlfn.TEXTJOIN("", TRUE, "[", E52,"] ",D52) -> [05C941] GN2 Utility Skid Ejection Regulator Pressure | D52: GN2 Utility Skid Ejection Regulator Pressure | E52: 05C941 | F52: Gas Nitrogen | G52: Storage | H52: Pressure Sensor | I52: Analog Input (4-20mA, sinking) | K52: Pressure | L52: PSI-G | P52: FALSE
A53: =CONCATENATE(VLOOKUP(F53,Systems,2,FALSE),"-",VLOOKUP(G53,Subsystems,2,FALSE),"-",VLOOKUP(H53,Components,2,FALSE),"-",VLOOKUP(K53,Metrics,2,FALSE),"-",B53) -> GN2-STR-PRS-Ps-52 | B53: 52 | C53: =_xlfn.TEXTJOIN("", TRUE, "[", E53,"] ",D53) -> [05C942] GN2 Utility Skid High Flow Regulator Pressure | D53: GN2 Utility Skid High Flow Regulator Pressure | E53: 05C942 | F53: Gas Nitrogen | G53: Storage | H53: Pressure Sensor | I53: Analog Input (4-20mA, sinking) | K53: Pressure | L53: PSI-G | P53: FALSE
A54: =CONCATENATE(VLOOKUP(F54,Systems,2,FALSE),"-",VLOOKUP(G54,Subsystems,2,FALSE),"-",VLOOKUP(H54,Components,2,FALSE),"-",VLOOKUP(K54,Metrics,2,FALSE),"-",B54) -> GN2-PRG-PRS-Ps-53 | B54: 53 | C54: =_xlfn.TEXTJOIN("", TRUE, "[", E54,"] ",D54) -> [05C943] HVAC regulator pressure | D54: HVAC regulator pressure | E54: 05C943 | F54: Gas Nitrogen | G54: Purge | H54: Pressure Sensor | I54: Analog Input (4-20mA, sinking) | K54: Pressure | L54: PSI-G | P54: FALSE
... A56: =CONCATENATE(VLOOKUP(F56,Systems,2,FALSE),"-",VLOOKUP(G56,Subsystems,2,FALSE),"-",VLOOKUP(H56,Components,2,FALSE),"-",VLOOKUP(K56,Metrics,2,FALSE),"-",B56) -> GN2-STR-PRS-Ps-55 | B56: 55 | C56: =_xlfn.TEXTJOIN("", TRUE, "[", E56,"] ",D56) -> [05C940] GN2 Utility Skid Supply Pressure | D56: GN2 Utility Skid Supply Pressure | E56: 05C940 | F56: Gas Nitrogen | G56: Storage | H56: Pressure Sensor | I56: Analog Input (4-20mA, sinking) | K56: Pressure | L56: PSI-G | P56: FALSE
A57: =CONCATENATE(VLOOKUP(F57,Systems,2,FALSE),"-",VLOOKUP(G57,Subsystems,2,FALSE),"-",VLOOKUP(H57,Components,2,FALSE),"-",VLOOKUP(K57,Metrics,2,FALSE),"-",B57) -> HVBH-HSE-SSR-B-56 | B57: 56 | C57: =_xlfn.TEXTJOIN("", TRUE, "[", E57,"] ",D57) -> [HVBH-HSE-SSR-B-56] Battery Heater Enable-H01 | D57: Battery Heater Enable-H01 | E57: =A57 -> HVBH-HSE-SSR-B-56 | F57: High Voltage Battery Heaters | G57: Heater Select Enable | H57: Solid State Relay | I57: Digital Output (24V) | K57: Bool | L57: True/False | P57: FALSE
A58: =CONCATENATE(VLOOKUP(F58,Systems,2,FALSE),"-",VLOOKUP(G58,Subsystems,2,FALSE),"-",VLOOKUP(H58,Components,2,FALSE),"-",VLOOKUP(K58,Metrics,2,FALSE),"-",B58) -> HVBH-HSE-SSR-B-57 | B58: 57 | C58: =_xlfn.TEXTJOIN("", TRUE, "[", E58,"] ",D58) -> [HVBH-HSE-SSR-B-57] Battery Heater Enable-H02 | D58: Battery Heater Enable-H02 | E58: =A58 -> HVBH-HSE-SSR-B-57 | F58: High Voltage Battery Heaters | G58: Heater Select Enable | H58: Solid State Relay | I58: Digital Output (24V) | K58: Bool | L58: True/False | P58: FALSE
A59: =CONCATENATE(VLOOKUP(F59,Systems,2,FALSE),"-",VLOOKUP(G59,Subsystems,2,FALSE),"-",VLOOKUP(H59,Components,2,FALSE),"-",VLOOKUP(K59,Metrics,2,FALSE),"-",B59) -> HVBH-HSE-SSR-B-58 | B59: 58 | C59: =_xlfn.TEXTJOIN("", TRUE, "[", E59,"] ",D59) -> [HVBH-HSE-SSR-B-58] Battery Heater Enable-H03 | D59: Battery Heater Enable-H03 | E59: =A59 -> HVBH-HSE-SSR-B-58 | F59: High Voltage Battery Heaters | G59: Heater Select Enable | H59: Solid State Relay | I59: Digital Output (24V) | K59: Bool | L59: True/False | P59: FALSE
A60: =CONCATENATE(VLOOKUP(F60,Systems,2,FALSE),"-",VLOOKUP(G60,Subsystems,2,FALSE),"-",VLOOKUP(H60,Components,2,FALSE),"-",VLOOKUP(K60,Metrics,2,FALSE),"-",B60) -> HVBH-HSE-SSR-B-59 | B60: 59 | C60: =_xlfn.TEXTJOIN("", TRUE, "[", E60,"] ",D60) -> [HVBH-HSE-SSR-B-59] Battery Heater Enable-H04 | D60: Battery Heater Enable-H04 | E60: =A60 -> HVBH-HSE-SSR-B-59 | F60: High Voltage Battery Heaters | G60: Heater Select Enable | H60: Solid State Relay | I60: Digital Output (24V) | K60: Bool | L60: True/False | P60: FALSE
A61: =CONCATENATE(VLOOKUP(F61,Systems,2,FALSE),"-",VLOOKUP(G61,Subsystems,2,FALSE),"-",VLOOKUP(H61,Components,2,FALSE),"-",VLOOKUP(K61,Metrics,2,FALSE),"-",B61) -> HVBH-HSE-SSR-B-60 | B61: 60 | C61: =_xlfn.TEXTJOIN("", TRUE, "[", E61,"] ",D61) -> [HVBH-HSE-SSR-B-60] Battery Heater Enable-H05 | D61: Battery Heater Enable-H05 | E61: =A61 -> HVBH-HSE-SSR-B-60 | F61: High Voltage Battery Heaters | G61: Heater Select Enable | H61: Solid State Relay | I61: Digital Output (24V) | K61: Bool | L61: True/False | P61: FALSE
A62: =CONCATENATE(VLOOKUP(F62,Systems,2,FALSE),"-",VLOOKUP(G62,Subsystems,2,FALSE),"-",VLOOKUP(H62,Components,2,FALSE),"-",VLOOKUP(K62,Metrics,2,FALSE),"-",B62) -> HVBH-HSE-SSR-B-61 | B62: 61 | C62: =_xlfn.TEXTJOIN("", TRUE, "[", E62,"] ",D62) -> [HVBH-HSE-SSR-B-61] Battery Heater Enable-H06 | D62: Battery Heater Enable-H06 | E62: =A62 -> HVBH-HSE-SSR-B-61 | F62: High Voltage Battery Heaters | G62: Heater Select Enable | H62: Solid State Relay | I62: Digital Output (24V) | K62: Bool | L62: True/False | P62: FALSE
A63: =CONCATENATE(VLOOKUP(F63,Systems,2,FALSE),"-",VLOOKUP(G63,Subsystems,2,FALSE),"-",VLOOKUP(H63,Components,2,FALSE),"-",VLOOKUP(K63,Metrics,2,FALSE),"-",B63) -> HVBH-HSE-SSR-B-62 | B63: 62 | C63: =_xlfn.TEXTJOIN("", TRUE, "[", E63,"] ",D63) -> [HVBH-HSE-SSR-B-62] Battery Heater Enable-H07 | D63: Battery Heater Enable-H07 | E63: =A63 -> HVBH-HSE-SSR-B-62 | F63: High Voltage Battery Heaters | G63: Heater Select Enable | H63: Solid State Relay | I63: Digital Output (24V) | K63: Bool | L63: True/False | P63: FALSE
A64: =CONCATENATE(VLOOKUP(F64,Systems,2,FALSE),"-",VLOOKUP(G64,Subsystems,2,FALSE),"-",VLOOKUP(H64,Components,2,FALSE),"-",VLOOKUP(K64,Metrics,2,FALSE),"-",B64) -> HVBH-HSE-SSR-B-63 | B64: 63 | C64: =_xlfn.TEXTJOIN("", TRUE, "[", E64,"] ",D64) -> [HVBH-HSE-SSR-B-63] Battery Heater Enable-H08 | D64: Battery Heater Enable-H08 | E64: =A64 -> HVBH-HSE-SSR-B-63 | F64: High Voltage Battery Heaters | G64: Heater Select Enable | H64: Solid State Relay | I64: Digital Output (24V) | K64: Bool | L64: True/False | P64: FALSE
A65: =CONCATENATE(VLOOKUP(F65,Systems,2,FALSE),"-",VLOOKUP(G65,Subsystems,2,FALSE),"-",VLOOKUP(H65,Components,2,FALSE),"-",VLOOKUP(K65,Metrics,2,FALSE),"-",B65) -> HVBH-HSE-SSR-B-64 | B65: 64 | C65: =_xlfn.TEXTJOIN("", TRUE, "[", E65,"] ",D65) -> [HVBH-HSE-SSR-B-64] Battery Heater Enable-H09 | D65: Battery Heater Enable-H09 | E65: =A65 -> HVBH-HSE-SSR-B-64 | F65: High Voltage Battery Heaters | G65: Heater Select Enable | H65: Solid State Relay | I65: Digital Output (24V) | K65: Bool | L65: True/False | P65: FALSE
A66: =CONCATENATE(VLOOKUP(F66,Systems,2,FALSE),"-",VLOOKUP(G66,Subsystems,2,FALSE),"-",VLOOKUP(H66,Components,2,FALSE),"-",VLOOKUP(K66,Metrics,2,FALSE),"-",B66) -> HVBH-HSE-SSR-B-65 | B66: 65 | C66: =_xlfn.TEXTJOIN("", TRUE, "[", E66,"] ",D66) -> [HVBH-HSE-SSR-B-65] Battery Heater Enable-H10 | D66: Battery Heater Enable-H10 | E66: =A66 -> HVBH-HSE-SSR-B-65 | F66: High Voltage Battery Heaters | G66: Heater Select Enable | H66: Solid State Relay | I66: Digital Output (24V) | K66: Bool | L66: True/False | P66: FALSE
A67: =CONCATENATE(VLOOKUP(F67,Systems,2,FALSE),"-",VLOOKUP(G67,Subsystems,2,FALSE),"-",VLOOKUP(H67,Components,2,FALSE),"-",VLOOKUP(K67,Metrics,2,FALSE),"-",B67) -> HVBH-HSE-SSR-B-66 | B67: 66 | C67: =_xlfn.TEXTJOIN("", TRUE, "[", E67,"] ",D67) -> [HVBH-HSE-SSR-B-66] Battery Heater Enable-H11 | D67: Battery Heater Enable-H11 | E67: =A67 -> HVBH-HSE-SSR-B-66 | F67: High Voltage Battery Heaters | G67: Heater Select Enable | H67: Solid State Relay | I67: Digital Output (24V) | K67: Bool | L67: True/False | P67: FALSE
A68: =CONCATENATE(VLOOKUP(F68,Systems,2,FALSE),"-",VLOOKUP(G68,Subsystems,2,FALSE),"-",VLOOKUP(H68,Components,2,FALSE),"-",VLOOKUP(K68,Metrics,2,FALSE),"-",B68) -> HVBH-HSE-SSR-B-67 | B68: 67 | C68: =_xlfn.TEXTJOIN("", TRUE, "[", E68,"] ",D68) -> [HVBH-HSE-SSR-B-67] Battery Heater Enable-H12 | D68: Battery Heater Enable-H12 | E68: =A68 -> HVBH-HSE-SSR-B-67 | F68: High Voltage Battery Heaters | G68: Heater Select Enable | H68: Solid State Relay | I68: Digital Output (24V) | K68: Bool | L68: True/False | P68: FALSE
... A98: =CONCATENATE(VLOOKUP(F98,Systems,2,FALSE),"-",VLOOKUP(G98,Subsystems,2,FALSE),"-",VLOOKUP(H98,Components,2,FALSE),"-",VLOOKUP(K98,Metrics,2,FALSE),"-",B98) -> HVBH-TF-TC-Ts-97 | B98: 97 | C98: =_xlfn.TEXTJOIN("", TRUE, "[", E98,"] ",D98) -> [HVBH-TF-TC-Ts-97] Battery Heater Temp H10 | D98: Battery Heater Temp H10 | E98: =A98 -> HVBH-TF-TC-Ts-97 | F98: High Voltage Battery Heaters | G98: Temperature Feedback | H98: Thermocouple | I98: TC Voltage (Type T) | K98: Temperature | L98: Celcius | P98: FALSE
A99: =CONCATENATE(VLOOKUP(F99,Systems,2,FALSE),"-",VLOOKUP(G99,Subsystems,2,FALSE),"-",VLOOKUP(H99,Components,2,FALSE),"-",VLOOKUP(K99,Metrics,2,FALSE),"-",B99) -> HVAC-FAR-PVL-Pos-98 | B99: 98 | C99: =_xlfn.TEXTJOIN("", TRUE, "[", E99,"] ",D99) -> [05C351.1] Fairing umbilical flow control valve - Cmd | D99: Fairing umbilical flow control valve - Cmd | E99: 05C351.1 | F99: HVAC | G99: Fairing | H99: Proportional Valve | I99: Analog Output (4-20mA, sourcing) | K99: Valve Position | L99: % Valve Rotation | P99: FALSE
A100: =CONCATENATE(VLOOKUP(F100,Systems,2,FALSE),"-",VLOOKUP(G100,Subsystems,2,FALSE),"-",VLOOKUP(H100,Components,2,FALSE),"-",VLOOKUP(K100,Metrics,2,FALSE),"-",B100) -> HVAC-IS2-PVL-Pos-99 | B100: 99 | C100: =_xlfn.TEXTJOIN("", TRUE, "[", E100,"] ",D100) -> [05C352.1] Interstage 2 umbilical flow control valve - Cmd | D100: Interstage 2 umbilical flow control valve - Cmd | E100: 05C352.1 | F100: HVAC | G100: Interstage 2 | H100: Proportional Valve | I100: Analog Output (4-20mA, sourcing) | K100: Valve Position | L100: % Valve Rotation | P100: FALSE
A101: =CONCATENATE(VLOOKUP(F101,Systems,2,FALSE),"-",VLOOKUP(G101,Subsystems,2,FALSE),"-",VLOOKUP(H101,Components,2,FALSE),"-",VLOOKUP(K101,Metrics,2,FALSE),"-",B101) -> HVAC-IS1-PVL-Pos-100 | B101: 100 | C101: =_xlfn.TEXTJOIN("", TRUE, "[", E101,"] ",D101) -> [05C353.1] Interstage 2 umbilical flow control valve - Cmd | D101: Interstage 2 umbilical flow control valve - Cmd | E101: 05C353.1 | F101: HVAC | G101: Interstage 1 | H101: Proportional Valve | I101: Analog Output (4-20mA, sourcing) | K101: Valve Position | L101: % Valve Rotation | P101: FALSE
A102: =CONCATENATE(VLOOKUP(F102,Systems,2,FALSE),"-",VLOOKUP(G102,Subsystems,2,FALSE),"-",VLOOKUP(H102,Components,2,FALSE),"-",VLOOKUP(K102,Metrics,2,FALSE),"-",B102) -> HVAC-PP-PVL-Pos-101 | B102: 101 | C102: =_xlfn.TEXTJOIN("", TRUE, "[", E102,"] ",D102) -> [05C354.1] Powerpack flow control valve - Cmd | D102: Powerpack flow control valve - Cmd | E102: 05C354.1 | F102: HVAC | G102: Power Pack | H102: Proportional Valve | I102: Analog Output (4-20mA, sourcing) | K102: Valve Position | L102: % Valve Rotation | P102: FALSE
A103: =CONCATENATE(VLOOKUP(F103,Systems,2,FALSE),"-",VLOOKUP(G103,Subsystems,2,FALSE),"-",VLOOKUP(H103,Components,2,FALSE),"-",VLOOKUP(K103,Metrics,2,FALSE),"-",B103) -> HVAC-FAR-PVL-Pos-102 | B103: 102 | C103: =_xlfn.TEXTJOIN("", TRUE, "[", E103,"] ",D103) -> [03C347.1] Fairing LN2 inject valve - Cmd | D103: Fairing LN2 inject valve - Cmd | E103: 03C347.1 | F103: HVAC | G103: Fairing | H103: Proportional Valve | I103: Analog Output (4-20mA, sourcing) | K103: Valve Position | L103: % Valve Rotation | P103: FALSE
A104: =CONCATENATE(VLOOKUP(F104,Systems,2,FALSE),"-",VLOOKUP(G104,Subsystems,2,FALSE),"-",VLOOKUP(H104,Components,2,FALSE),"-",VLOOKUP(K104,Metrics,2,FALSE),"-",B104) -> HVAC-IS2-PVL-Pos-103 | B104: 103 | C104: =_xlfn.TEXTJOIN("", TRUE, "[", E104,"] ",D104) -> [03C348.1] Interstage 2 LN2 inject valve - Cmd | D104: Interstage 2 LN2 inject valve - Cmd | E104: 03C348.1 | F104: HVAC | G104: Interstage 2 | H104: Proportional Valve | I104: Analog Output (4-20mA, sourcing) | K104: Valve Position | L104: % Valve Rotation | P104: FALSE
A105: =CONCATENATE(VLOOKUP(F105,Systems,2,FALSE),"-",VLOOKUP(G105,Subsystems,2,FALSE),"-",VLOOKUP(H105,Components,2,FALSE),"-",VLOOKUP(K105,Metrics,2,FALSE),"-",B105) -> HVAC-IS1-PVL-Pos-104 | B105: 104 | C105: =_xlfn.TEXTJOIN("", TRUE, "[", E105,"] ",D105) -> [03C349.1] Interstage 1 LN2 inject valve - Cmd | D105: Interstage 1 LN2 inject valve - Cmd | E105: 03C349.1 | F105: HVAC | G105: Interstage 1 | H105: Proportional Valve | I105: Analog Output (4-20mA, sourcing) | K105: Valve Position | L105: % Valve Rotation | P105: FALSE
A106: =CONCATENATE(VLOOKUP(F106,Systems,2,FALSE),"-",VLOOKUP(G106,Subsystems,2,FALSE),"-",VLOOKUP(H106,Components,2,FALSE),"-",VLOOKUP(K106,Metrics,2,FALSE),"-",B106) -> HVAC-PP-PVL-Pos-105 | B106: 105 | C106: =_xlfn.TEXTJOIN("", TRUE, "[", E106,"] ",D106) -> [03C350.1] Powerpack LN2 inject valve - Cmd | D106: Powerpack LN2 inject valve - Cmd | E106: 03C350.1 | F106: HVAC | G106: Power Pack | H106: Proportional Valve | I106: Analog Output (4-20mA, sourcing) | K106: Valve Position | L106: % Valve Rotation | P106: FALSE
A107: =CONCATENATE(VLOOKUP(F107,Systems,2,FALSE),"-",VLOOKUP(G107,Subsystems,2,FALSE),"-",VLOOKUP(H107,Components,2,FALSE),"-",VLOOKUP(K107,Metrics,2,FALSE),"-",B107) -> HVAC-FAR-PVL-Pos-106 | B107: 106 | C107: =_xlfn.TEXTJOIN("", TRUE, "[", E107,"] ",D107) -> [05C351.2] Fairing umbilical flow control valve - Resp | D107: Fairing umbilical flow control valve - Resp | E107: 05C351.2 | F107: HVAC | G107: Fairing | H107: Proportional Valve | I107: Analog Input (4-20mA, sinking) | K107: Valve Position | L107: % Valve Rotation | P107: FALSE
A108: =CONCATENATE(VLOOKUP(F108,Systems,2,FALSE),"-",VLOOKUP(G108,Subsystems,2,FALSE),"-",VLOOKUP(H108,Components,2,FALSE),"-",VLOOKUP(K108,Metrics,2,FALSE),"-",B108) -> HVAC-IS2-PVL-Pos-107 | B108: 107 | C108: =_xlfn.TEXTJOIN("", TRUE, "[", E108,"] ",D108) -> [05C352.2] Interstage 2 umbilical flow control valve - Resp | D108: Interstage 2 umbilical flow control valve - Resp | E108: 05C352.2 | F108: HVAC | G108: Interstage 2 | H108: Proportional Valve | I108: Analog Input (4-20mA, sinking) | K108: Valve Position | L108: % Valve Rotation | P108: FALSE
A109: =CONCATENATE(VLOOKUP(F109,Systems,2,FALSE),"-",VLOOKUP(G109,Subsystems,2,FALSE),"-",VLOOKUP(H109,Components,2,FALSE),"-",VLOOKUP(K109,Metrics,2,FALSE),"-",B109) -> HVAC-IS1-PVL-Pos-108 | B109: 108 | C109: =_xlfn.TEXTJOIN("", TRUE, "[", E109,"] ",D109) -> [05C353.2] Interstage 2 umbilical flow control valve - Resp | D109: Interstage 2 umbilical flow control valve - Resp | E109: 05C353.2 | F109: HVAC | G109: Interstage 1 | H109: Proportional Valve | I109: Analog Input (4-20mA, sinking) | K109: Valve Position | L109: % Valve Rotation | P109: FALSE
A110: =CONCATENATE(VLOOKUP(F110,Systems,2,FALSE),"-",VLOOKUP(G110,Subsystems,2,FALSE),"-",VLOOKUP(H110,Components,2,FALSE),"-",VLOOKUP(K110,Metrics,2,FALSE),"-",B110) -> HVAC-PP-PVL-Pos-109 | B110: 109 | C110: =_xlfn.TEXTJOIN("", TRUE, "[", E110,"] ",D110) -> [05C354.2] Powerpack flow control valve - Resp | D110: Powerpack flow control valve - Resp | E110: 05C354.2 | F110: HVAC | G110: Power Pack | H110: Proportional Valve | I110: Analog Input (4-20mA, sinking) | K110: Valve Position | L110: % Valve Rotation | P110: FALSE
... A120: =CONCATENATE(VLOOKUP(F120,Systems,2,FALSE),"-",VLOOKUP(G120,Subsystems,2,FALSE),"-",VLOOKUP(H120,Components,2,FALSE),"-",VLOOKUP(K120,Metrics,2,FALSE),"-",B120) -> HVAC-PP-RTD-Ts-119 | B120: 119 | C120: =_xlfn.TEXTJOIN("", TRUE, "[", E120,"] ",D120) -> [05C955] Power Pack Interface/Umbilical Temperature | D120: Power Pack Interface/Umbilical Temperature | E120: 05C955 | F120: HVAC | G120: Power Pack | H120: RTD | I120: 4-Wire RTD | K120: Temperature | L120: Celcius | P120: FALSE
B121: 120 | C121: =_xlfn.TEXTJOIN("", TRUE, "[", E121,"] ",D121) -> []
B122: 121 | C122: =_xlfn.TEXTJOIN("", TRUE, "[", E122,"] ",D122) -> []
A123: =CONCATENATE(VLOOKUP(F123,Systems,2,FALSE),"-",VLOOKUP(G123,Subsystems,2,FALSE),"-",VLOOKUP(H123,Components,2,FALSE),"-",VLOOKUP(K123,Metrics,2,FALSE),"-",B123) -> HVAC-FAR-RTD-Ts-122 | B123: 122 | C123: =_xlfn.TEXTJOIN("", TRUE, "[", E123,"] ",D123) -> [05C938] Fairing umbilical heater outlet temp | D123: Fairing umbilical heater outlet temp | E123: 05C938 | F123: HVAC | G123: Fairing | H123: RTD | I123: 4-Wire RTD | K123: Temperature | L123: Celcius | P123: FALSE
A124: =CONCATENATE(VLOOKUP(F124,Systems,2,FALSE),"-",VLOOKUP(G124,Subsystems,2,FALSE),"-",VLOOKUP(H124,Components,2,FALSE),"-",VLOOKUP(K124,Metrics,2,FALSE),"-",B124) -> HVAC-IS2-RTD-Ts-123 | B124: 123 | C124: =_xlfn.TEXTJOIN("", TRUE, "[", E124,"] ",D124) -> [05C939] Interstage 2 heater outlet temp | D124: Interstage 2 heater outlet temp | E124: 05C939 | F124: HVAC | G124: Interstage 2 | H124: RTD | I124: 4-Wire RTD | K124: Temperature | L124: Celcius | P124: FALSE
A125: =CONCATENATE(VLOOKUP(F125,Systems,2,FALSE),"-",VLOOKUP(G125,Subsystems,2,FALSE),"-",VLOOKUP(H125,Components,2,FALSE),"-",VLOOKUP(K125,Metrics,2,FALSE),"-",B125) -> HVAC-IS1-RTD-Ts-124 | B125: 124 | C125: =_xlfn.TEXTJOIN("", TRUE, "[", E125,"] ",D125) -> [05C942] Interstage 1 heater outlet temp | D125: Interstage 1 heater outlet temp | E125: 05C942 | F125: HVAC | G125: Interstage 1 | H125: RTD | I125: 4-Wire RTD | K125: Temperature | L125: Celcius | P125: FALSE
A126: =CONCATENATE(VLOOKUP(F126,Systems,2,FALSE),"-",VLOOKUP(G126,Subsystems,2,FALSE),"-",VLOOKUP(H126,Components,2,FALSE),"-",VLOOKUP(K126,Metrics,2,FALSE),"-",B126) -> HVAC-PP-RTD-Ts-125 | B126: 125 | C126: =_xlfn.TEXTJOIN("", TRUE, "[", E126,"] ",D126) -> [05C944] Powerpack heater 1 outlet temp | D126: Powerpack heater 1 outlet temp | E126: 05C944 | F126: HVAC | G126: Power Pack | H126: RTD | I126: 4-Wire RTD | K126: Temperature | L126: Celcius | P126: FALSE
A127: =CONCATENATE(VLOOKUP(F127,Systems,2,FALSE),"-",VLOOKUP(G127,Subsystems,2,FALSE),"-",VLOOKUP(H127,Components,2,FALSE),"-",VLOOKUP(K127,Metrics,2,FALSE),"-",B127) -> HVAC-PP-RTD-Ts-126 | B127: 126 | C127: =_xlfn.TEXTJOIN("", TRUE, "[", E127,"] ",D127) -> [05C946] Powerpack heater 2 outlet temp | D127: Powerpack heater 2 outlet temp | E127: 05C946 | F127: HVAC | G127: Power Pack | H127: RTD | I127: 4-Wire RTD | K127: Temperature | L127: Celcius | P127: FALSE
A128: =CONCATENATE(VLOOKUP(F128,Systems,2,FALSE),"-",VLOOKUP(G128,Subsystems,2,FALSE),"-",VLOOKUP(H128,Components,2,FALSE),"-",VLOOKUP(K128,Metrics,2,FALSE),"-",B128) -> HVAC-PP-PRS-Ps-127 | B128: 127 | C128: =_xlfn.TEXTJOIN("", TRUE, "[", E128,"] ",D128) -> [05C951] Powerpack HVAC pressure | D128: Powerpack HVAC pressure | E128: 05C951 | F128: HVAC | G128: Power Pack | H128: Pressure Sensor | I128: Analog Input (4-20mA, sinking) | K128: Pressure | L128: PSI-G | P128: FALSE
A129: =CONCATENATE(VLOOKUP(F129,Systems,2,FALSE),"-",VLOOKUP(G129,Subsystems,2,FALSE),"-",VLOOKUP(H129,Components,2,FALSE),"-",VLOOKUP(K129,Metrics,2,FALSE),"-",B129) -> HVAC-IS2-PRS-Ps-128 | B129: 128 | C129: =_xlfn.TEXTJOIN("", TRUE, "[", E129,"] ",D129) -> [05C948] Interstage 2 HVAC pressure | D129: Interstage 2 HVAC pressure | E129: 05C948 | F129: HVAC | G129: Interstage 2 | H129: Pressure Sensor | I129: Analog Input (4-20mA, sinking) | K129: Pressure | L129: PSI-G | P129: FALSE
A130: =CONCATENATE(VLOOKUP(F130,Systems,2,FALSE),"-",VLOOKUP(G130,Subsystems,2,FALSE),"-",VLOOKUP(H130,Components,2,FALSE),"-",VLOOKUP(K130,Metrics,2,FALSE),"-",B130) -> HVAC-IS1-PRS-Ps-129 | B130: 129 | C130: =_xlfn.TEXTJOIN("", TRUE, "[", E130,"] ",D130) -> [05C949] Interstage 1 HVAC pressure | D130: Interstage 1 HVAC pressure | E130: 05C949 | F130: HVAC | G130: Interstage 1 | H130: Pressure Sensor | I130: Analog Input (4-20mA, sinking) | K130: Pressure | L130: PSI-G | P130: FALSE
A131: =CONCATENATE(VLOOKUP(F131,Systems,2,FALSE),"-",VLOOKUP(G131,Subsystems,2,FALSE),"-",VLOOKUP(H131,Components,2,FALSE),"-",VLOOKUP(K131,Metrics,2,FALSE),"-",B131) -> HVAC-FAR-PRS-Ps-130 | B131: 130 | C131: =_xlfn.TEXTJOIN("", TRUE, "[", E131,"] ",D131) -> [05C947] Faring umbilical HVAC pressure | D131: Faring umbilical HVAC pressure | E131: 05C947 | F131: HVAC | G131: Fairing | H131: Pressure Sensor | I131: Analog Input (4-20mA, sinking) | K131: Pressure | L131: PSI-G | P131: FALSE
A132: =CONCATENATE(VLOOKUP(F132,Systems,2,FALSE),"-",VLOOKUP(G132,Subsystems,2,FALSE),"-",VLOOKUP(H132,Components,2,FALSE),"-",VLOOKUP(K132,Metrics,2,FALSE),"-",B132) -> PC-FAR-COT-ST-131 | B132: 131 | C132: =_xlfn.TEXTJOIN("", TRUE, "[", E132,"] ",D132) -> [PC-FAR-COT-ST-131] Fairing - Heater 1 cut out circuit state | D132: Fairing - Heater 1 cut out circuit state | E132: =A132 -> PC-FAR-COT-ST-131 | F132: Pad Control | G132: Fairing | H132: Cut Out Circuit | I132: Digital Input (24V) | K132: State | L132: True/False | P132: FALSE
B133: 132 | C133: =_xlfn.TEXTJOIN("", TRUE, "[", E133,"] ",D133) -> []
B134: 133 | C134: =_xlfn.TEXTJOIN("", TRUE, "[", E134,"] ",D134) -> []
B135: 134 | C135: =_xlfn.TEXTJOIN("", TRUE, "[", E135,"] ",D135) -> []
B136: 135 | C136: =_xlfn.TEXTJOIN("", TRUE, "[", E136,"] ",D136) -> []
A137: =CONCATENATE(VLOOKUP(F137,Systems,2,FALSE),"-",VLOOKUP(G137,Subsystems,2,FALSE),"-",VLOOKUP(H137,Components,2,FALSE),"-",VLOOKUP(K137,Metrics,2,FALSE),"-",B137) -> HYD-HPU-CT-B-136 | B137: 136 | C137: =_xlfn.TEXTJOIN("", TRUE, "[", E137,"] ",D137) -> [M1] Pump 1 Contactor | D137: Pump 1 Contactor | E137: M1 | F137: Hydraulics | G137: Hydraulic Power Unit | H137: Contactor | I137: Digital Output (24V) | K137: Bool | L137: True/False | P137: FALSE
A138: =CONCATENATE(VLOOKUP(F138,Systems,2,FALSE),"-",VLOOKUP(G138,Subsystems,2,FALSE),"-",VLOOKUP(H138,Components,2,FALSE),"-",VLOOKUP(K138,Metrics,2,FALSE),"-",B138) -> HYD-HPU-CT-B-137 | B138: 137 | C138: =_xlfn.TEXTJOIN("", TRUE, "[", E138,"] ",D138) -> [M2] Pump 2 Contactor | D138: Pump 2 Contactor | E138: M2 | F138: Hydraulics | G138: Hydraulic Power Unit | H138: Contactor | I138: Digital Output (24V) | K138: Bool | L138: True/False | P138: FALSE
A139: =CONCATENATE(VLOOKUP(F139,Systems,2,FALSE),"-",VLOOKUP(G139,Subsystems,2,FALSE),"-",VLOOKUP(H139,Components,2,FALSE),"-",VLOOKUP(K139,Metrics,2,FALSE),"-",B139) -> HYD-HPU-PVL-Pos-138 | B139: 138 | C139: =_xlfn.TEXTJOIN("", TRUE, "[", E139,"] ",D139) -> [P1 PRV (S5)] Pump 1 PRV | D139: Pump 1 PRV | E139: P1 PRV (S5) | F139: Hydraulics | G139: Hydraulic Power Unit | H139: Proportional Valve | I139: Analog Output (4-20mA, sourcing) | K139: Valve Position | L139: % Spool Position | P139: FALSE
A140: =CONCATENATE(VLOOKUP(F140,Systems,2,FALSE),"-",VLOOKUP(G140,Subsystems,2,FALSE),"-",VLOOKUP(H140,Components,2,FALSE),"-",VLOOKUP(K140,Metrics,2,FALSE),"-",B140) -> HYD-HPU-PVL-Pos-139 | B140: 139 | C140: =_xlfn.TEXTJOIN("", TRUE, "[", E140,"] ",D140) -> [P2 PRV (S6)] Pump 2 PRV | D140: Pump 2 PRV | E140: P2 PRV (S6) | F140: Hydraulics | G140: Hydraulic Power Unit | H140: Proportional Valve | I140: Analog Output (4-20mA, sourcing) | K140: Valve Position | L140: % Spool Position | P140: FALSE
A141: =CONCATENATE(VLOOKUP(F141,Systems,2,FALSE),"-",VLOOKUP(G141,Subsystems,2,FALSE),"-",VLOOKUP(H141,Components,2,FALSE),"-",VLOOKUP(K141,Metrics,2,FALSE),"-",B141) -> HYD-HPU-PRS-Ps-140 | B141: 140 | C141: =_xlfn.TEXTJOIN("", TRUE, "[", E141,"] ",D141) -> [PT-1] Pressure to lift circuit | D141: Pressure to lift circuit | E141: PT-1 | F141: Hydraulics | G141: Hydraulic Power Unit | H141: Pressure Sensor | I141: Analog Input (4-20mA, sinking) | K141: Pressure | L141: kPa-G | P141: FALSE
A142: =CONCATENATE(VLOOKUP(F142,Systems,2,FALSE),"-",VLOOKUP(G142,Subsystems,2,FALSE),"-",VLOOKUP(H142,Components,2,FALSE),"-",VLOOKUP(K142,Metrics,2,FALSE),"-",B142) -> HYD-HPU-PRS-Ps-141 | B142: 141 | C142: =_xlfn.TEXTJOIN("", TRUE, "[", E142,"] ",D142) -> [PT-2] Pressure to HD circuit | D142: Pressure to HD circuit | E142: PT-2 | F142: Hydraulics | G142: Hydraulic Power Unit | H142: Pressure Sensor | I142: Analog Input (4-20mA, sinking) | K142: Pressure | L142: kPa-G | P142: FALSE
A143: =CONCATENATE(VLOOKUP(F143,Systems,2,FALSE),"-",VLOOKUP(G143,Subsystems,2,FALSE),"-",VLOOKUP(H143,Components,2,FALSE),"-",VLOOKUP(K143,Metrics,2,FALSE),"-",B143) -> HYD-HPU-DVL-B-142 | B143: 142 | C143: =_xlfn.TEXTJOIN("", TRUE, "[", E143,"] ",D143) -> [S3] Isolate P2 Circuit - Cmd | D143: Isolate P2 Circuit - Cmd | E143: S3 | F143: Hydraulics | G143: Hydraulic Power Unit | H143: Discrete Valve | I143: Digital Output (24V) | K143: Bool | L143: True/False | P143: FALSE
A144: =CONCATENATE(VLOOKUP(F144,Systems,2,FALSE),"-",VLOOKUP(G144,Subsystems,2,FALSE),"-",VLOOKUP(H144,Components,2,FALSE),"-",VLOOKUP(K144,Metrics,2,FALSE),"-",B144) -> HYD-HPU-DVL-B-143 | B144: 143 | C144: =_xlfn.TEXTJOIN("", TRUE, "[", E144,"] ",D144) -> [S1] Isolate P1 Circuit - Cmd | D144: Isolate P1 Circuit - Cmd | E144: S1 | F144: Hydraulics | G144: Hydraulic Power Unit | H144: Discrete Valve | I144: Digital Output (24V) | K144: Bool | L144: True/False | P144: FALSE
A145: =CONCATENATE(VLOOKUP(F145,Systems,2,FALSE),"-",VLOOKUP(G145,Subsystems,2,FALSE),"-",VLOOKUP(H145,Components,2,FALSE),"-",VLOOKUP(K145,Metrics,2,FALSE),"-",B145) -> HYD-HPU-DVL-B-144 | B145: 144 | C145: =_xlfn.TEXTJOIN("", TRUE, "[", E145,"] ",D145) -> [S2] Single Pump Operation - Cmd | D145: Single Pump Operation - Cmd | E145: S2 | F145: Hydraulics | G145: Hydraulic Power Unit | H145: Discrete Valve | I145: Digital Output (24V) | K145: Bool | L145: True/False | P145: FALSE
A146: =CONCATENATE(VLOOKUP(F146,Systems,2,FALSE),"-",VLOOKUP(G146,Subsystems,2,FALSE),"-",VLOOKUP(H146,Components,2,FALSE),"-",VLOOKUP(K146,Metrics,2,FALSE),"-",B146) -> HYD-HPU-PSW-B-145 | B146: 145 | C146: =_xlfn.TEXTJOIN("", TRUE, "[", E146,"] ",D146) -> [F1] Pump 1 filter blockage | D146: Pump 1 filter blockage | E146: F1 | F146: Hydraulics | G146: Hydraulic Power Unit | H146: Pressure Switch | I146: Digital Input (24V) | K146: Bool | L146: True/False | P146: FALSE
A147: =CONCATENATE(VLOOKUP(F147,Systems,2,FALSE),"-",VLOOKUP(G147,Subsystems,2,FALSE),"-",VLOOKUP(H147,Components,2,FALSE),"-",VLOOKUP(K147,Metrics,2,FALSE),"-",B147) -> HYD-HPU-PSW-B-146 | B147: 146 | C147: =_xlfn.TEXTJOIN("", TRUE, "[", E147,"] ",D147) -> [F2] Pump 2 filter blockage | D147: Pump 2 filter blockage | E147: F2 | F147: Hydraulics | G147: Hydraulic Power Unit | H147: Pressure Switch | I147: Digital Input (24V) | K147: Bool | L147: True/False | P147: FALSE
A148: =CONCATENATE(VLOOKUP(F148,Systems,2,FALSE),"-",VLOOKUP(G148,Subsystems,2,FALSE),"-",VLOOKUP(H148,Components,2,FALSE),"-",VLOOKUP(K148,Metrics,2,FALSE),"-",B148) -> HYD-HPU-PSW-B-147 | B148: 147 | C148: =_xlfn.TEXTJOIN("", TRUE, "[", E148,"] ",D148) -> [F3] Reciculation pump filter blockage | D148: Reciculation pump filter blockage | E148: F3 | F148: Hydraulics | G148: Hydraulic Power Unit | H148: Pressure Switch | I148: Digital Input (24V) | K148: Bool | L148: True/False | P148: FALSE
... A152: =CONCATENATE(VLOOKUP(F152,Systems,2,FALSE),"-",VLOOKUP(G152,Subsystems,2,FALSE),"-",VLOOKUP(H152,Components,2,FALSE),"-",VLOOKUP(K152,Metrics,2,FALSE),"-",B152) -> HYD-LFT-PVL-Pos-151 | B152: 151 | C152: =_xlfn.TEXTJOIN("", TRUE, "[", E152,"] ",D152) -> [S7] Platform tilt - Cmd | D152: Platform tilt - Cmd | E152: S7 | F152: Hydraulics | G152: Lift | H152: Proportional Valve | I152: Analog Output (4-20mA, sourcing) | K152: Valve Position | L152: % Spool Position | P152: FALSE
B153: 152 | C153: =_xlfn.TEXTJOIN("", TRUE, "[", E153,"] ",D153) -> []
B154: 153 | C154: =_xlfn.TEXTJOIN("", TRUE, "[", E154,"] ",D154) -> []
B155: 154 | C155: =_xlfn.TEXTJOIN("", TRUE, "[", E155,"] ",D155) -> []
A156: =CONCATENATE(VLOOKUP(F156,Systems,2,FALSE),"-",VLOOKUP(G156,Subsystems,2,FALSE),"-",VLOOKUP(H156,Components,2,FALSE),"-",VLOOKUP(K156,Metrics,2,FALSE),"-",B156) -> HYD-LFT-DVL-B-155 | B156: 155 | C156: =_xlfn.TEXTJOIN("", TRUE, "[", E156,"] ",D156) -> [S10.1] Back up S10 - top clamp open Cmd | D156: Back up S10 - top clamp open Cmd | E156: S10.1 | F156: Hydraulics | G156: Lift | H156: Discrete Valve | I156: Digital Output (24V) | K156: Bool | L156: True/False | P156: FALSE
A157: =CONCATENATE(VLOOKUP(F157,Systems,2,FALSE),"-",VLOOKUP(G157,Subsystems,2,FALSE),"-",VLOOKUP(H157,Components,2,FALSE),"-",VLOOKUP(K157,Metrics,2,FALSE),"-",B157) -> HYD-LFT-DVL-B-156 | B157: 156 | C157: =_xlfn.TEXTJOIN("", TRUE, "[", E157,"] ",D157) -> [S10.2] Back up S10 - top clamp close Cmd | D157: Back up S10 - top clamp close Cmd | E157: S10.2 | F157: Hydraulics | G157: Lift | H157: Discrete Valve | I157: Digital Output (24V) | K157: Bool | L157: True/False | P157: FALSE
A158: =CONCATENATE(VLOOKUP(F158,Systems,2,FALSE),"-",VLOOKUP(G158,Subsystems,2,FALSE),"-",VLOOKUP(H158,Components,2,FALSE),"-",VLOOKUP(K158,Metrics,2,FALSE),"-",B158) -> HYD-LFT-DVL-B-157 | B158: 157 | C158: =_xlfn.TEXTJOIN("", TRUE, "[", E158,"] ",D158) -> [S13.1] Back up S13 - strongback retract Cmd | D158: Back up S13 - strongback retract Cmd | E158: S13.1 | F158: Hydraulics | G158: Lift | H158: Discrete Valve | I158: Digital Output (24V) | K158: Bool | L158: True/False | P158: FALSE
A159: =CONCATENATE(VLOOKUP(F159,Systems,2,FALSE),"-",VLOOKUP(G159,Subsystems,2,FALSE),"-",VLOOKUP(H159,Components,2,FALSE),"-",VLOOKUP(K159,Metrics,2,FALSE),"-",B159) -> HYD-LFT-DVL-B-158 | B159: 158 | C159: =_xlfn.TEXTJOIN("", TRUE, "[", E159,"] ",D159) -> [S13.2] Back up S13 - strongback engage Cmd | D159: Back up S13 - strongback engage Cmd | E159: S13.2 | F159: Hydraulics | G159: Lift | H159: Discrete Valve | I159: Digital Output (24V) | K159: Bool | L159: True/False | P159: FALSE
A160: =CONCATENATE(VLOOKUP(F160,Systems,2,FALSE),"-",VLOOKUP(G160,Subsystems,2,FALSE),"-",VLOOKUP(H160,Components,2,FALSE),"-",VLOOKUP(K160,Metrics,2,FALSE),"-",B160) -> HYD-LFT-DVL-B-159 | B160: 159 | C160: =_xlfn.TEXTJOIN("", TRUE, "[", E160,"] ",D160) -> [S11 - S12] S8 changeover to backup - top clamp Cmd | D160: S8 changeover to backup - top clamp Cmd | E160: S11 - S12 | F160: Hydraulics | G160: Lift | H160: Discrete Valve | I160: Digital Output (24V) | K160: Bool | L160: True/False | P160: FALSE
A161: =CONCATENATE(VLOOKUP(F161,Systems,2,FALSE),"-",VLOOKUP(G161,Subsystems,2,FALSE),"-",VLOOKUP(H161,Components,2,FALSE),"-",VLOOKUP(K161,Metrics,2,FALSE),"-",B161) -> HYD-LFT-DVL-B-160 | B161: 160 | C161: =_xlfn.TEXTJOIN("", TRUE, "[", E161,"] ",D161) -> [S14 - S15] S9 change over to back up - SB directional valve | D161: S9 change over to back up - SB directional valve | E161: S14 - S15 | F161: Hydraulics | G161: Lift | H161: Discrete Valve | I161: Digital Output (24V) | K161: Bool | L161: True/False | P161: FALSE
...

Sheet SWE InputOutput List
A1: Function | B1: Type | C1: Component | D1: Reference | E1: Address | F1: Mnemonic | G1: Associated macro | H1: Description (English) | I1: User data 1 | J1: User data 2 | K1: Translatable data 1 (English) | L1: Translatable data 2 (English)
A2: ... | B2: Analog PLC output | C2: N1-AO1 | D2: NI 9266 | F2: HYD-LFT-PVL-Pos-150 | G2: <Default>... | H2: Strongback|extend/retract | I2: S9 | J2: S7
A3: ... | B3: Analog PLC output | C3: N1-AO1 | D3: NI 9266 | F3: HYD-LFT-PVL-Pos-151 | G3: <Default>... | H3: Platform tilt | I3: S7 | J3: S5
A4: ... | B4: Analog PLC output | C4: N1-AO1 | D4: NI 9266 | F4: HVAC-FAR-PVL-Pos-98 | G4: <Default>... | H4: ECS GN2 Supply to Payload Umbilical|Proportional Control Valve Controller | I4: 05C351.1
A5: ... | B5: Analog PLC output | C5: N1-AO1 | D5: NI 9266 | F5: HVAC-IS2-PVL-Pos-99 | G5: <Default>... | H5: ECS GN2 Supply to S2 Umbilical|Proportional Control Valve (Top) Controller | I5: 05C352.1
A6: ... | B6: Analog PLC output | C6: N1-AO1 | D6: NI 9266 | F6: HVAC-IS1-PVL-Pos-100 | G6: <Default>... | H6: ECS GN2 Supply to S2 Umbilical|Proportional Control Valve (Bottom) Controller | I6: 05C353.1
A7: ... | B7: Analog PLC output | C7: N1-AO1 | D7: NI 9266 | F7: HVAC-PP-PVL-Pos-101 | G7: <Default>... | H7: ECS GN2 Supply to S1 Umbilical|Proportional Control Valve Controller | I7: 05C354.1
A8: ... | B8: Analog PLC output | C8: N1-AO1 | D8: NI 9266 | F8: HVAC-FAR-PVL-Pos-102 | G8: <Default>... | H8: ECS GN2 LN2 Interface to Payload Umbilical|Line Proportional Control Valve Controller | I8: 03C347.1
A9: ... | B9: Analog PLC output | C9: N1-AO2 | D9: NI 9266 | F9: HVAC-IS2-PVL-Pos-103 | G9: <Default>... | H9: ECS GN2 LN2 Interface to S2 Umbilical Line|Proportional Control Valve Controller | I9: 03C348.1
A10: ... | B10: Analog PLC output | C10: N1-AO2 | D10: NI 9266 | F10: HVAC-IS1-PVL-Pos-104 | G10: <Default>... | H10: ECS GN2 LN2 Interface to S2 Umbilical Line|Proportional Control Valve Controller | I10: 03C349.1
A11: ... | B11: Analog PLC output | C11: N1-AO2 | D11: NI 9266 | F11: HVAC-PP-PVL-Pos-105 | G11: <Default>... | H11: ECS GN2 LN2 Interface to S1 Umbilical Line|Proportional Control Valve Controller | I11: 03C350.1
A12: ... | B12: Analog PLC output | C12: N1-AO1 | D12: NI 9266 | F12: HYD-LFT-PVL-Pos-149 | G12: <Default>... | H12: Top Clamp|Open/Close | I12: S8 | J12: S6
A13: ... | B13: Digital PLC output | C13: C1-DO2 | D13: NI 9476 (D-Sub) | F13: IGN-CH4-DVL-B-286 | G13: <Default>... | H13: CH4 Ignitor Bottle|Supply - EV | I13: 14C317 | J13: 13C301.2
A14: ... | B14: Digital PLC output | C14: C1-DO2 | D14: NI 9476 (D-Sub) | F14: CO2-MN-DVL-B-20 | G14: <Default>... | H14: Primary Discrete|Valve Controller | I14: 13C301.1 | J14: 13C301.1
A15: ... | B15: Digital PLC output | C15: C1-DO2 | D15: NI 9476 (D-Sub) | F15: WD-FTC-DVL-B-447 | G15: <Default>... | H15: Flame Trence Curtain|Valve Controller (FUTURE) | I15: 41C305.1
A16: ... | B16: Digital PLC output | C16: C1-DO2 | D16: NI 9476 (D-Sub) | F16: WD-RB-DVL-B-449 | G16: <Default>... | H16: North Side Rainbirds|Valve Controller | I16: 41C306.2 | J16: 41C306.2
A17: ... | B17: Digital PLC output | C17: C1-DO2 | D17: NI 9476 (D-Sub) | F17: WD-AUX-DVL-B-451 | G17: <Default>... | H17: Discrete Ball Valve Controller | I17: 41C308.1 | J17: 41C308.1
A18: ... | B18: Digital PLC output | C18: C1-DO2 | D18: NI 9476 (D-Sub) | F18: WD-RB-DVL-B-452 | G18: <Default>... | H18: South Side Rainbirds Valve Controller | I18: 41C309.1 | J18: 41C309.1
A19: ... | B19: Digital PLC output | C19: C1-DO2 | D19: NI 9476 (D-Sub) | F19: IGN-GOX-DVL-B-275 | G19: <Default>... | H19: GOX Ignitor Supply|Discrete Valve | I19: 15C310
A20: ... | B20: Digital PLC output | C20: C1-DO2 | D20: NI 9476 (D-Sub) | F20: IGN-GOX-DVL-B-276 | G20: <Default>... | H20: GOX Panel Controlled|Vent Discrete Valve | I20: 15C311
A21: ... | B21: Digital PLC output | C21: C1-DO2 | D21: NI 9476 (D-Sub) | F21: IGN-GOX-DVL-B-277 | G21: <Default>... | H21: GOX Ignitor Purge|Bypass Discrete Valve | I21: 15C312
A22: ... | B22: Digital PLC output | C22: C1-DO2 | D22: NI 9476 (D-Sub) | F22: IGN-GOX-DVL-B-279 | G22: <Default>... | H22: GOX Ignitor Primary|Supply Discrete Valve | I22: 15C313
A23: ... | B23: Digital PLC output | C23: C1-DO2 | D23: NI 9476 (D-Sub) | F23: IGN-GOX-DVL-B-281 | G23: <Default>... | H23: GOX Ignitor Upstream|Vent Return Solenoid | I23: 15C380
A24: ... | B24: Digital PLC output | C24: C1-DO2 | D24: NI 9476 (D-Sub) | F24: IGN-CH4-DVL-B-282 | G24: <Default>... | H24: CH4 Panel Controlled|Vent Discrete Valve | I24: 14C318
A25: ... | B25: Digital PLC output | C25: C1-DO2 | D25: NI 9476 (D-Sub) | F25: IGN-CH4-DVL-B-283 | G25: <Default>... | H25: CH4 Ignitor Purge|Bypass Discrete Valve | I25: 14C319
A26: ... | B26: Digital PLC output | C26: C1-DO2 | D26: NI 9476 (D-Sub) | F26: IGN-CH4-DVL-B-284 | G26: <Default>... | H26: CH4 Primary Ignitor|Supply Discrete Valve | I26: 14C320
A27: ... | B27: Digital PLC output | C27: C1-DO1 | D27: NI 9476 (D-Sub) | F27: HYD-LFT-DVL-B-155 | G27: <Default>... | H27: Back up S10|top clamp open | I27: S10.1 | J27: S6.1
A28: ... | B28: Digital PLC output | C28: C1-DO1 | D28: NI 9476 (D-Sub) | F28: HYD-LFT-DVL-B-156 | G28: <Default>... | H28: Back up S10|top clamp close | I28: S10.2 | J28: S6.2
A29: ... | B29: Digital PLC output | C29: C1-DO1 | D29: NI 9476 (D-Sub) | F29: HYD-LFT-DVL-B-157 | G29: <Default>... | H29: Back up S13|strongback retract | I29: S13.1 | J29: S7.1
A30: ... | B30: Digital PLC output | C30: C1-DO1 | D30: NI 9476 (D-Sub) | F30: HYD-LFT-DVL-B-158 | G30: <Default>... | H30: Back up S13|strongback engage | I30: S13.2 | J30: S7.2
A31: ... | B31: Digital PLC output | C31: C1-DO1 | D31: NI 9476 (D-Sub) | F31: HYD-LFT-DVL-B-159 | G31: <Default>... | H31: S8 changeover|to backup | I31: S11, S12 | J31: S6.3, S6.4
A32: ... | B32: Digital PLC output | C32: C1-DO1 | D32: NI 9476 (D-Sub) | F32: HYD-LFT-DVL-B-160 | G32: <Default>... | H32: S9 change over|to back up | I32: S14, S15 | J32: S7.3, S7.4
A33: ... | B33: Digital PLC output | C33: C1-DO1 | D33: NI 9476 (D-Sub) | F33: HYD-HD-DVL-B-164 | G33: <Default>... | H33: High Speed Retract|HD1 | I33: S17 | J33: S8.1
A34: ... | B34: Digital PLC output | C34: C1-DO1 | D34: NI 9476 (D-Sub) | F34: HYD-HD-DVL-B-165 | G34: <Default>... | H34: High Speed Retract|HD2 | I34: S19 | J34: S8.3
A35: ... | B35: Digital PLC output | C35: C1-DO1 | D35: NI 9476 (D-Sub) | F35: HYD-HD-DVL-B-166 | G35: <Default>... | H35: High Speed Retract|HD3 | I35: S21 | J35: S8.5
A36: ... | B36: Digital PLC output | C36: C1-DO1 | D36: NI 9476 (D-Sub) | F36: HYD-HD-DVL-B-167 | G36: <Default>... | H36: High Speed Retract|HD4 | I36: S23 | J36: S8.7
A37: ... | B37: Digital PLC output | C37: C1-DO2 | D37: NI 9476 (D-Sub) | F37: HYD-HD-SSR-B-169 | G37: <Default>... | H37: Secondary High Speed|Retract enable | I37: HYD-HD-SSR-B-169
A38: ... | B38: Digital PLC output | C38: C1-DO2 | D38: NI 9476 (D-Sub) | F38: HYD-HD-DVL-B-170 | G38: <Default>... | H38: Secondary High Speed|Release trigger | I38: S18, S20, S22, S24 | J38: S8.2, S8.4, S8.6, S8.8
A39: ... | B39: Digital PLC output | C39: C1-DO1 | D39: NI 9476 (D-Sub) | F39: HYD-HD-DVL-B-171 | G39: <Default>... | H39: Slow Extend|HD1 | I39: S25.1 | J39: S9.1
A40: ... | B40: Digital PLC output | C40: C1-DO1 | D40: NI 9476 (D-Sub) | F40: HYD-HD-DVL-B-172 | G40: <Default>... | H40: Slow Extend|HD2 | I40: S26.1 | J40: S9.2
A41: ... | B41: Digital PLC output | C41: C1-DO1 | D41: NI 9476 (D-Sub) | F41: HYD-HD-DVL-B-173 | G41: <Default>... | H41: Slow Extend|HD3 | I41: S27.1 | J41: S9.3
A42: ... | B42: Digital PLC output | C42: C1-DO1 | D42: NI 9476 (D-Sub) | F42: HYD-HD-DVL-B-174 | G42: <Default>... | H42: Slow Extend|HD4 | I42: S28.1 | J42: S9.4
A43: ... | B43: Digital PLC output | C43: C1-DO1 | D43: NI 9476 (D-Sub) | F43: HYD-HD-DVL-B-175 | G43: <Default>... | H43: Slow Retract|HD1 | I43: S25.2 | J43: S10.1
A44: ... | B44: Digital PLC output | C44: C1-DO1 | D44: NI 9476 (D-Sub) | F44: HYD-HD-DVL-B-176 | G44: <Default>... | H44: Slow Retract|HD2 | I44: S26.2 | J44: S10.2
A45: ... | B45: Digital PLC output | C45: C1-DO1 | D45: NI 9476 (D-Sub) | F45: HYD-HD-DVL-B-177 | G45: <Default>... | H45: Slow Retract|HD3 | I45: S27.2 | J45: S10.3
A46: ... | B46: Digital PLC output | C46: C1-DO1 | D46: NI 9476 (D-Sub) | F46: HYD-HD-DVL-B-178 | G46: <Default>... | H46: Slow Retract|HD4 | I46: S28.2 | J46: S10.4
A47: ... | B47: Digital PLC output | C47: N5-DO5 | D47: NI 9476 (D-Sub) | F47: HYD-HD-MTR-B-199 | G47: <Default>... | H47: HD 1 & 4|Sump Pump Start | I47: M5 | J47: M5
A48: ... | B48: Digital PLC output | C48: N5-DO5 | D48: NI 9476 (D-Sub) | F48: HYD-HD-MTR-B-200 | G48: <Default>... | H48: HD 2 & 3|Sump Pump Start | I48: M4 | J48: M4
A49: ... | B49: Digital PLC output | C49: C1-DO1 | D49: NI 9476 (D-Sub) | F49: HYD-S1U-DVL-B-202 | G49: <Default>... | H49: S1 Umbilical|Accumulator bleed | I49: S29 | J49: S12
... A59: ... | B59: Digital PLC output | C59: C1-DO1 | D59: NI 9476 (D-Sub) | F59: HYD-HD-DVL-B-216 | G59: <Default>... | H59: HD circuit bleed | I59: S16 | J59: S16
A60: ... | B60: Digital PLC output | C60: C1-DO3 | D60: NI 9476 (D-Sub) | F60: AG-HF-DVL-Pos-4 | G60: <Default>... | H60: GHe Stage 2 Anti-Geysering|High Flow Valve Controller | I60: 04C386
A61: ... | B61: Digital PLC output | C61: C1-DO3 | D61: NI 9476 (D-Sub) | F61: VHE-BU-DVL-Pos-440 | G61: <Default>... | H61: Vehicle Helium|Back up | I61: 04C340
A62: ... | B62: Digital PLC input | C62: C1-DIO1 | D62: NI 9375 (D-Sub) | F62: HYD-S1U-PXS-PxE-221 | G62: <Default>... | H62: S1 Position Prox 1|Extended | I62: HYD-S1U-PXS-Px-221 | J62: HYD-S1U-PXS-Px-221
A63: ... | B63: Digital PLC input | C63: C1-DIO1 | D63: NI 9375 (D-Sub) | F63: HYD-S1U-PXS-Px-222 | G63: <Default>... | H63: S1 Position Prox 2|Cleared Flame Bucket | I63: HYD-S1U-PXS-Px-222 | J63: HYD-S1U-PXS-Px-222
A64: ... | B64: Digital PLC input | C64: C1-DIO1 | D64: NI 9375 (D-Sub) | F64: HYD-S1U-PXS-Px-223 | G64: <Default>... | H64: S1 Position Prox 3|Cleared Flame Bucket | I64: HYD-S1U-PXS-Px-223 | J64: HYD-S1U-PXS-Px-223
A65: ... | B65: Digital PLC input | C65: C1-DIO1 | D65: NI 9375 (D-Sub) | F65: HYD-S1U-PXS-PxR-224 | G65: <Default>... | H65: S1 Position Prox 4|Retracted | I65: HYD-S1U-PXS-Px-224 | J65: HYD-S1U-PXS-Px-224
A66: ... | B66: Digital PLC input | C66: C1-DIO1 | D66: NI 9375 (D-Sub) | F66: Spare | G66: <Default>...
A67: ... | B67: Analog PLC input | C67: N1-AI1 | D67: NI 9208 (D-Sub) | F67: CO2-STR-PRS-Ps-19 | G67: <Default>... | H67: CO2 Panel Pressure Transducer|Honeywell Pressure (0-3000) | I67: 13C901 | J67: 13C901
A68: ... | B68: Analog PLC input | C68: N1-AI1 | D68: NI 9208 (D-Sub) | F68: IGN-GOX-PRS-Ps-268 | G68: <Default>... | H68: GOX Panel Source Supply|Pressure Transducer | I68: 15C906 | J68: TBD
A69: ... | B69: Analog PLC input | C69: N1-AI1 | D69: NI 9208 (D-Sub) | F69: IGN-GOX-PRS-Ps-270 | G69: <Default>... | H69: GOX Panel Ignitor Supply|Pressure Transducer | I69: 15C907 | J69: TBD
A70: ... | B70: Analog PLC input | C70: N1-AI1 | D70: NI 9208 (D-Sub) | F70: IGN-CH4-PRS-Ps-272 | G70: <Default>... | H70: CH4 Panel Source Supply|Pressure Transducer | I70: 14C911 | J70: TBD
A71: ... | B71: Analog PLC input | C71: N1-AI1 | D71: NI 9208 (D-Sub) | F71: IGN-CH4-PRS-Ps-274 | G71: <Default>... | H71: CH4 Panel Ignitor Supply|Pressure Transducer | I71: 14C912 | J71: TBD
A72: ... | B72: Analog PLC input | C72: N1-AI1 | D72: NI 9208 (D-Sub) | F72: HVAC-FAR-PVL-Pos-106 | G72: <Default>... | H72: ECS GN2 Supply to Payload Umbilical|Proportional Control Valve Controller | I72: 05C351.2
A73: ... | B73: Analog PLC input | C73: N1-AI1 | D73: NI 9208 (D-Sub) | F73: HVAC-IS2-PVL-Pos-107 | G73: <Default>... | H73: ECS GN2 Supply to S2 Umbilical|Proportional Control Valve (Top) Controller | I73: 05C352.2
A74: ... | B74: Analog PLC input | C74: N1-AI1 | D74: NI 9208 (D-Sub) | F74: HVAC-IS1-PVL-Pos-108 | G74: <Default>... | H74: ECS GN2 Supply to S2 Umbilical|Proportional Control Valve (Bottom) Controller | I74: 05C353.2
A75: ... | B75: Analog PLC input | C75: N1-AI1 | D75: NI 9208 (D-Sub) | F75: HVAC-PP-PVL-Pos-109 | G75: <Default>... | H75: ECS GN2 Supply to S1 Umbilical|Proportional Control Valve Controller | I75: 05C354.2
A76: ... | B76: Analog PLC input | C76: N1-AI1 | D76: NI 9208 (D-Sub) | F76: HVAC-FAR-PVL-Pos-110 | G76: <Default>... | H76: ECS GN2 LN2 Interface to Payload Umbilical Line|Proportional Control Valve Controller | I76: 03C347.2
A77: ... | B77: Analog PLC input | C77: N1-AI1 | D77: NI 9208 (D-Sub) | F77: HVAC-IS2-PVL-Pos-111 | G77: <Default>... | H77: ECS GN2 LN2 Interface to S2 Umbilical Line|Proportional Control Valve Controller | I77: 03C348.2
A78: ... | B78: Analog PLC input | C78: N1-AI1 | D78: NI 9208 (D-Sub) | F78: HVAC-IS1-PVL-Pos-112 | G78: <Default>... | H78: ECS GN2 LN2 Interface to S2 Umbilical Line|Proportional Control Valve Controller | I78: 03C349.2
A79: ... | B79: Analog PLC input | C79: N1-AI1 | D79: NI 9208 (D-Sub) | F79: HVAC-PP-PVL-Pos-113 | G79: <Default>... | H79: ECS GN2 LN2 Interface to S1 Umbilical Line|Proportional Control Valve Controller | I79: 03C350.2
A80: ... | B80: Analog PLC input | C80: N1-AI2 | D80: NI 9208 (D-Sub) | F80: GHe-STR-PRS-Ps-48 | G80: <Default>... | H80: Gas Helium|Bottle Pressure | I80: 04C924
A81: ... | B81: Analog PLC input | C81: N1-AI2 | D81: NI 9208 (D-Sub) | F81: GHe-STR-PRS-Ps-49 | G81: <Default>... | H81: Gas Helium|Regulator Pressure | I81: 04C925
A82: ... | B82: Analog PLC input | C82: N1-AI1 | D82: NI 9208 (D-Sub) | F82: SPARE | G82: <Default>... | H82: SPARE | I82: SPARE | J82: TBD
A83: ... | B83: Analog PLC input | C83: N1-AI1 | D83: NI 9208 (D-Sub) | F83: SPARE | G83: <Default>... | H83: SPARE | I83: SPARE | J83: TBD
A84: ... | B84: Digital PLC input | C84: N1-DI1 | D84: NI 9425 (D-Sub) | F84: CO2-MN-LS-PxC-21 | G84: <Default>... | H84: Primary Discrete|Valve Closed | I84: 13C301.2
A85: ... | B85: Digital PLC input | C85: N1-DI1 | D85: NI 9425 (D-Sub) | F85: CO2-BU-LS-PxO-24 | G85: <Default>... | H85: Primary Discrete|Valve Open | I85: 13C301.2
A86: ... | B86: Digital PLC input | C86: N1-DI1 | D86: NI 9425 (D-Sub) | F86: CO2-MN-LS-PxO-25 | G86: <Default>... | H86: Secondary Discrete|Valve Open | I86: 13C302.2
A87: ... | B87: Digital PLC input | C87: N1-DI1 | D87: NI 9425 (D-Sub) | F87: CO2-BU-LS-PxC-23 | G87: <Default>... | H87: Secondary Discrete|Valve Closed | I87: 13C302.2
A88: ... | B88: Digital PLC input | C88: N1-DI1 | D88: NI 9425 (D-Sub) | F88: PC-PRG-CTL-GV-420 | G88: <Default>... | H88: Box Purge Status|From PLC | I88: PC-PRG-CTL-GV-420 | J88: TBD
A89: ... | B89: Digital PLC input | C89: N1-DI1 | D89: NI 9425 (D-Sub) | F89: PC-FAR-COT-ST-131 | G89: <Default>... | H89: Fairing Inhibit|Switch
A90: ... | B90: Digital PLC input | C90: N1-DI1 | D90: NI 9425 (D-Sub) | F90: HVAC-IS2-COT-ST-132 | G90: <Default>... | H90: Interstage 2|Cut out circuit state | I90: FS-05C921 | J90: HVAC
A91: ... | B91: Digital PLC input | C91: N1-DI1 | D91: NI 9425 (D-Sub) | F91: HVAC-IS1-COT-ST-133 | G91: <Default>... | H91: Interstage 1|Cut out circuit state | I91: FS-05C922 | J91: HVAC
A92: ... | B92: Digital PLC input | C92: N1-DI1 | D92: NI 9425 (D-Sub) | F92: HVAC-PP-COT-ST-134 | G92: <Default>... | H92: Power Pack |Cut out circuit state Heater 1 | I92: FS-05C923 | J92: HVAC
A93: ... | B93: Digital PLC input | C93: N1-DI1 | D93: NI 9425 (D-Sub) | F93: SPARE | G93: <Default>... | H93: SPARE | I93: SPARE
A94: ... | B94: Analog PLC input | C94: N5-AI9 | D94: NI 9208 (D-Sub) | F94: WD-STR-PRS-Ps-443 | G94: <Default>... | H94: Supply Source|Pressure Transducer | I94: 41C902 | J94: 41C902
A95: ... | B95: Analog PLC input | C95: N2-AI4 | D95: NI 9208 (D-Sub) | F95: IGN-GOX-PRS-Ps-267 | G95: <Default>... | H95: GOX Ignitor Bottle/Accumulator|Pressure Transducer | I95: 15C908
A96: ... | B96: Analog PLC input | C96: N5-AI9 | D96: NI 9208 (D-Sub) | F96: WD-FLC-PRS-Ps-444 | G96: <Default>... | H96: Primary Inlet|Transducer | I96: 41C903 | J96: 41C903
A97: ... | B97: Analog PLC input | C97: N5-AI9 | D97: NI 9208 (D-Sub) | F97: WD-FLC-PRS-Ps-446 | G97: <Default>... | H97: Secondary Inlet|Transducer | I97: 41C904 | J97: 41C904
A98: ... | B98: Analog PLC input | C98: N2-AI4 | D98: NI 9208 (D-Sub) | F98: IGN-CH4-PRS-Ps-271 | G98: <Default>... | H98: CH4 Ignitor Bottle/Accumulator|Pressure Transducer | I98: 14C913
A99: ... | B99: Analog PLC input | C99: N5-AI9 | D99: NI 9208 (D-Sub) | F99: WD-FLC-PRS-Ps-448 | G99: <Default>... | H99: Flow Pressure|Transducer | I99: 41C905 | J99: 41C905
A100: ... | B100: Analog PLC input | C100: N2-AI4 | D100: NI 9208 (D-Sub) | F100: IGN-CH4-PRS-Ps-273 | G100: <Default>... | H100: CH4 GN2 Purge Line|Pressure Transducer | I100: 05C914
A101: ... | B101: Analog PLC input | C101: N2-AI4 | D101: NI 9208 (D-Sub) | F101: IGN-GOX-PRS-Ps-278 | G101: <Default>... | H101: GOX GN2 Purge Line|Pressure Transducer | I101: 05C909
A102: ... | B102: Analog PLC input | C102: N2-AI3 | D102: NI 9208 (D-Sub) | F102: HYD-S1U-PRS-Ps-212 | G102: <Default>... | H102: S1 Umbilical|Outstroke pressure | I102: PTA-5 | J102: PTA-5
A103: ... | B103: Analog PLC input | C103: N2-AI3 | D103: NI 9208 (D-Sub) | F103: HYD-S1U-PRS-Ps-213 | G103: <Default>... | H103: S1 Umbilical|Instroke pressure | I103: PTB-5 | J103: PTB-5
A104: ... | B104: Analog PLC input | C104: N2-AI3 | D104: NI 9208 (D-Sub) | F104: HYD-S1U-PRS-Ps-214 | G104: <Default>... | H104: Prevalve open|Pressure | I104: PTA-6 | J104: PTA-6
A105: ... | B105: Analog PLC input | C105: N2-AI3 | D105: NI 9208 (D-Sub) | F105: HYD-S1U-PRS-Ps-215 | G105: <Default>... | H105: Prevalve close|Pressure | I105: PTB-6 | J105: PTB-6
A106: ... | B106: Analog PLC input | C106: N2-AI3 | D106: NI 9208 (D-Sub) | F106: HYD-S1U-PRS-Ps-217 | G106: <Default>... | H106: S1 Umbilical Accumulator|Bladder Pressure | I106: PTAC-5 | J106: PTAC-5
A107: ... | B107: Analog PLC input | C107: N2-AI3 | D107: NI 9208 (D-Sub) | F107: HYD-S1U-PRS-Ps-218 | G107: <Default>... | H107: S1 Umbilical circuit|Pressure | I107: PT-5 | J107: PT-U
A108: ... | B108: Analog PLC input | C108: N2-AI3 | D108: NI 9208 (D-Sub) | F108: HYD-S1U-PXS-Px-245 | G108: <Default>... | H108: S1 Umbilical Engagement|distance prox | I108: HYD-S1U-PXS-Px-245 | J108: TBD
A109: ... | B109: Analog PLC input | C109: N4-AI7 | D109: NI 9208 (D-Sub) | F109: HYD-LFT-INC-INCL-246 | G109: <Default>... | H109: Strong back|Inclinometer 1 | I109: 08C901 | J109: 08C901
...

Sheet Review
A1: =HYPERLINK("https://drive.google.com/open?id=195ADsPF7e6qp-XCMHU02_gGfLOsAuj4y","Link to Drawing") -> Link to Drawing
A2: Review Notes
A3: Reference
A4: By: | B4: Dave Sheerin / Ian Curtis | F4: Date | G4: 43551
A6: Document/Section Reference | B6: Subsection Reference | C6: Find Number (if known) | D6: Comment | I6: Resolution (Accept/Accept w/ Comment/Reject/Withdrawn) | K6: fix notes
A7: LOX | D7: 02CXXX4 to become 02C382 is missing. This is a Proportional valve LO2 Flow Control Skid MARS|C2 Top Return Line Pr Valve | I7: Fixed JP 01/04/2019
A8: LOX | D8: 02Cxxx2 to become 02C383 is missing. This was a DV and is now a Proportional valve LO2 Flow Control Skid MARS|C3 Top Return Line Pr Valve | I8: Fixed JP 01/04/2019
A9: LOX | D9: 02CXXX1 Tank 1, Skid 2. Still to be labeled by GP. This became 02C348 | I9: Fixed JP 01/04/2020
A10: LOX | D10: 02CXXX3 Tank 2, Skid 1 Still to be labeled by GP. This became 02C349 | I10: Fixed JP 01/04/2020
A11: LOX | D11: 02C331, functional purpose was changed and is now up to date in the component description | I11: Fixed - DS 27/03/2019
A12: LOX | D12: 02C331, functional purpose was changed and is now up to date in the component description | I12: Fixed - DS 27/03/2019
A13: LOX | D13: 02Cxxx8, is a PV to become 02C384. This is near the S1 umbilcal. So should come from to electrical vault and it's DI's to go back to CB3 | I13: Fixed JP 01/04/2019
A14: LOX | D14: 02C334, location is not here. Move to ground by erector. So control box is in the electrical vault | I14: Fixed-I/O moved to CB1 JP 29/03/19
A15: LOX | D15: 02C335 is in the strongback. Move IO's as needed. | I15: Fixed- Input CB5, Output CB1 JP 28/03/19
A16: LOX | D16: 02C336 wrong location should be in SB | I16: Fixed- Input CB5, Output CB1 JP 01/04/19
A17: LOX | D17: 02C337 Wrong Location. Move to ground by erector. So the electrical vault is it's source/destination | I17: Fixed in drawings- JP 28/03/19
A18: LOX | D18: 02C338 is in the strongback. Move IO's as needed. | I18: Fixed-Input CB5, Output CB1 JP 28/03/19
... A36: LOX | D36: 02CXXX14 To be added. LO2 Strongback Vent Temp Sensor | I36: Added JP 01/04/2019
A37: GHe | C37: 04C706- CB3 | D37: =HYPERLINK("https://www.dakotainstruments.com/media/docs/Dakota_6AGM_Mass_Flow_Meter_Manual.pdf","04C706 Missing. 4-20mA") -> 04C706 Missing. 4-20mA | I37: Added JP 02/04/2019 New Card AI15
A38: GHe | C38: 04C707- CB3 | D38: =HYPERLINK("https://www.dakotainstruments.com/media/docs/Dakota_6AGM_Mass_Flow_Meter_Manual.pdf","04C707 Missing. 4-20mA") -> 04C707 Missing. 4-20mA | I38: Added JP 02/04/2019 New Card AI15
A39: Elec | C39: XXXX | D39: =HYPERLINK("https://www.ifm.com/us/en/product/IG6083","Inductive Proximity Sensor not in the S1 head- analog input CB3. Use the attached link for the prox") -> Inductive Proximity Sensor not in the S1 head- analog input CB3. Use the attached link for the prox | I39: ADDED BUT NEEDS TO BE DEFINED GK 18/04/2019
A40: ECS | D40: Temp Sensors ECS at the S1 & S2 heads?. They may be ts-117 and 118
A41: LOX | C41: 02C701 | D41: 02C701 will now be modbus | I41: Fixed JP 28/03/19
A42: LOX | C42: 02C705 | D42: 02C705 will now be modbus | I42: Fixed JP 28/03/19
A43: RP1 | C43: 01C705 | D43: 01C705, missing from SWE. Is also using Modbus | I43: Fixed JP 04/04/2019
A44: ECS/HVAC | C44: 05C708 | D44: 05C708, missing from SWE. Likely to me 4-20mA. Goes back to the elec vault | I44: ADDED TO CB2 29/03/19
A45: ECS/HVAC | C45: 05C709 | D45: 05C709, missing from SWE. Likely to me 4-20mA. Goes back to the elec vault | I45: ADDED TO CB2 29/03/19
A46: ECS/HVAC | C46: 05C710 | D46: 05C710, missing from SWE. Likely to me 4-20mA. Goes back to the elec vault | I46: ADDED TO CB2 29/03/19
A47: ECS/HVAC | C47: 05C711 | D47: 05C711, missing from SWE. Likely to me 4-20mA. Goes back to the elec vault | I47: ADDED TO CB2 29/03/19
A48: ECS/HVAC | C48: Chromalux Controls S1 | D48: Chromalux Controls S1. Create a black box for these. See the IO list for the outputs to the Chromalux Control Box (CB10) | I48: 100% done
A49: ECS/HVAC | C49: Chromalux Controls IS1 | D49: Chromalux Controls IS1. Create a black box for these. See the IO list for the outputs to the Chromalux Control Box (CB10) | I49: 100% done
A50: ECS/HVAC | C50: Chromalux Controls IS2 | D50: Chromalux Controls IS2. Create a black box for these. See the IO list for the outputs to the Chromalux Control Box (CB10) | I50: 100% done
A51: ECS/HVAC | C51: Chromalux Controls Fairing | D51: Chromalux Controls Fairing. Create a black box for these. See the IO list for the outputs to the Chromalux Control Box (CB10) | I51: 100% done
A52: Deluge | C52: 41C305 | D52: Don't change but label as (For Future) | I52: Fixed JP 04/04/2019
... A73: GHe/AntiGeysering | C73: 04c346 | D73: Need DI feedbacks. Back to CB3 | I73: Fixed JP 04/04/2019
A74: VSDs/VFDs | B74: LOx Motor Speed Control | C74: 02CXXX (LO2 Pump 1), 02CXXX (LO2 Pump 2) | D74: All VSDs need the following signalling Speed set point 4-20mA (AO) Speed feed fack 4-20mA (AI) Enable signal 24V (DO) Fault Indication 24V (DI) | I74: Added JO 03/04/2019
A75: GOX | B75: can be fixed by just changing names rather than relocaion of components | C75: 05C315 | D75: This is in SWE but no longer in P&ID. Delete name but keep component and wiring for something else | I75: Removed JP 04/04/2019
A76: CH4 | B76: can be fixed by just changing names rather than relocaion of components | C76: 05C322 | D76: This is in SWE but no longer in P&ID. Delete name but keep component and wiring for something else | I76: Removed JP 04/04/2019
A77: GOX | B77: can be fixed by just changing names rather than relocaion of components | C77: 15C314 | D77: Change to 15C380 and update description to GOX Ignitor Upstream Vent Return Solenoid | I77: DS 03/04/2019
A78: GOX | B78: can be fixed by just changing names rather than relocaion of components | C78: 15C311 | D78: Change location to gas pad. Update descrption | I78: DS 03/04/2019
A79: GOX | B79: can be fixed by just changing names rather than relocaion of components | C79: 15C961 | D79: new PT to go into CB3 | I79: Added JP 05/04/2019
A80: CH4 | B80: can be fixed by just changing names rather than relocaion of components | C80: 14C318 | D80: Change location to gas pad. Update descrption | I80: Fixed JP 05/04/2019
A81: CH4 | B81: can be fixed by just changing names rather than relocaion of components | C81: 14C969 | D81: new PT to go into CB3 | I81: Added JP 05/04/2019
A82: CH4 | B82: can be fixed by just changing names rather than relocaion of components | C82: 14C319 | D82: Change location to Erector. Update descrption | I82: Fixed JP 05/04/2019
A83: GOX | B83: can be fixed by just changing names rather than relocaion of components | C83: 15C313 | D83: Missing Prox Feedback | I83: Fixed JP 10/04/2019
A84: CH4 | B84: can be fixed by just changing names rather than relocaion of components | C84: 14C320 | D84: Missing Prox Feedback. Relocate to the erector | I84: Fixed JP 10/04/2019
A85: CH4 | B85: can be fixed by just changing names rather than relocaion of components | C85: 14C381 | D85: New electronic valve - Upstream Vent Return Solenoid | I85: Added JP 05/04/2019
A86: CO2 | C86: 13C961 | D86: New PT. CO2 Flow indicating Pressure Transducer. Back to CB2 in the elec vault. | I86: Added JP 05/04/2019
A87: RP1 | C87: 01C712 | D87: Moisture sensor missing from SWE | I87: Added JP 08/04/2019
A88: RP1 | C88: 01C308 | D88: DI feedbacks missing from this valve | I88: Added JP 08/04/2019
A89: RP1 | B89: Kero Motor Speed Control | C89: 01C693 | D89: Speed set point 4-20mA (AO) | I89: Added JP 08/04/2019
A90: RP1 | B90: Kero Motor Speed Control | C90: 01C693 | D90: Speed feed fack 4-20mA (AI) | I90: Added JP 08/04/2019
A91: RP1 | B91: Kero Motor Speed Control | C91: 01C693 | D91: Enable signal 24V (DO) | I91: Added JP 08/04/2019
A92: RP1 | B92: Kero Motor Speed Control | C92: 01C693 | D92: Fault Indication 24V (DI) | I92: Added JP 08/04/2019
A93: Gas Helium F5/GN2 SKID | C93: 05C940 | D93: Missing PT from SWE. "GN2 Utility Skid Inlet Pressure Transducer". Looks like this was 05C947 | I93: Fixed JP 10/04/2019
A94: Deluge | C94: 41C306 | D94: DI feedbacks missing from this valve | I94: Fixed JP 10/04/2019
A95: Deluge | C95: 41C308 | D95: DI feedbacks missing from this valve | I95: Fixed JP 10/04/2019
A96: Deluge | C96: 41C309 | D96: DI feedbacks missing from this valve | I96: Fixed JP 10/04/2019
A97: HYDRAULICS | D97: THERE ARE SEVERAL CHANGES. SPECIFICALLY IN THE RELOCATION OF THE ITEMS FOR FROM THE F2 TO THE F3 BOX
A98: HYDRAULICS | C98: F5 | D98: Reloacate to CB4. Filter is behind this box too | I98: Fixed JP 15/04/2019
A99: HYDRAULICS | D99: Several more relocations required in the CB3 box. They are closer to the F2 box. Check the Markup
A100: HYDRAULICS | C100: SWAC-1-O | D100: Relabel this from SWAC-1 to include O | I100: Fixed JP 16/04/2019
A101: HYDRAULICS | C101: SWAC-1-C | D101: Add this to the existing limit switch. This can be one device like the Topwox limit switches | I101: Fixed JP 16/04/2019
A102: HYDRAULICS | C102: SWAC-2-O | D102: Relabel this from SWAC-2 to include O | I102: Fixed JP 16/04/2019
A103: HYDRAULICS | C103: SWAC-2-C | D103: Add this to the existing limit switch. This can be one device like the Topwox limit switches | I103: Fixed JP 16/04/2019
A104: HYDRAULICS | C104: SWAC-3-O | D104: Relabel this from SWAC-3 to include O | I104: Fixed JP 16/04/2019
A105: HYDRAULICS | C105: SWAC-3-C | D105: Add this to the existing limit switch. This can be one device like the Topwox limit switches | I105: Fixed JP 16/04/2019
A106: HYDRAULICS | C106: SWAC-4-O | D106: Relabel this from SWAC-4 to include O | I106: Fixed JP 16/04/2019
A107: HYDRAULICS | C107: SWAC-4-C | D107: Add this to the existing limit switch. This can be one device like the Topwox limit switches | I107: Fixed JP 16/04/2019
A108: HYDRAULICS | C108: SWAC-5-O | D108: This should be in CB3 not CB4. But this should be able to poggy back on SWAC-5-C that is already going into CB3 | I108: Fixed JP 16/04/2019
A109: HYDRAULICS | C109: SWAC-5-C | D109: This is fine | I109: Fixed JP 16/04/2019
A110: HYDRAULICS | C110: SWAC-6-O | D110: This should be in CB3 not CB4. But this should be able to poggy back on SWAC-5-C that is already going into CB3 | I110: Fixed JP 16/04/2019
A111: HYDRAULICS | C111: SWAC-6-C | I111: Fixed JP 16/04/2019
A112: HYDRAULICS | C112: SWAC-7-O | I112: Fixed JP 16/04/2019
A113: HYDRAULICS | C113: SWAC-7-C | I113: Fixed JP 16/04/2019
A114: HYDRAULICS | C114: SWAC-5 | D114: Old part. Not used any more. Leave as a spare inout at CB4 | I114: Fixed JP 16/04/2019
A115: HYDRAULICS | C115: C34 | D115: Warm Oil Circulation. Hold Down Lock Block. | I115: Fixed GK 18/04/2019
A116: Deluge | C116: 41C303 | D116: Not completed yet. Output from CB1, Input to closest node CB6 change to prop. valve | I116: Done on 147 GK 18/04/2019
A117: GN2 / KERO PURGE STAGE 1 | C117: 05C368 | D117: LN2 Isolation Discrete Valve missing . (needs prox feedback also) CB3 | I117: Fixed GK 17/04/2019
A118: HVAC | C118: 05C947 | D118: PT needs to be added. CB5 (in SWE - naming to be checked) | I118: Fixed JP 17/04/2019
A119: HVAC | C119: 05C948 | D119: PT needs to be added. CB5 (in SWE - naming to be checked) | I119: Fixed JP 17/04/2019
A120: HVAC | C120: 05C949 | D120: PT needs to be added. CB5 (in SWE - naming to be checked) | I120: Fixed JP 17/04/2019
A121: HVAC | C121: 05C951 | D121: PT needs to be added. CB3 (in SWE - naming to be checked) | I121: Fixed JP 17/04/2019
A122: GN2 | C122: 05C950 | D122: Moisture sensor to be added to CB3. NOTE: This single sensor replaces three. | I122: Fixed GK 17/04/2019
A123: HVAC | C123: 05C952 | D123: Check this is in the drawing. Should be there already | I123: Fixed JP 17/04/2019
A124: HVAC | C124: 05C953 | D124: Check this is in the drawing. Should be there already | I124: Fixed JP 17/04/2019
A125: HVAC | C125: 05C954 | D125: Check this is in the drawing. Should be there already | I125: Fixed JP 17/04/2019
... A139: GN2 (HIGH FLOW) | C139: 05C948XXX | D139: High Flow GN2 Pressure Transducer. This is located CB3. This is a duplicate name. Will get updated after addition | I139: Added JP 18/04/2019
A140: GN2 (HIGH FLOW) | C140: 05C951XXX | D140: High Flow GN2 Pressure Transducer. This is located CB5. This is a duplicate name. Will get updated after addition
A141: HVAC | C141: 05C351-4 | D141: Combine all the PVs that are on seperate cables into one cable per device | I141: Fixed JP 18/04/2019
A142: HVAC | C142: 05C347-50 | D142: Combine all the PVs that are on seperate cables into one cable per device | I142: Fixed JP 18/04/2019
A143: RP1 | D143: Where is this getting it's 0V from. It looks like this was left off. | I143: GK 17/04/2019
A144: RP1 | D144: There needs to be some split in the loading of the fuses. Nearly everything is on FX30 | I144: GK 23/04/2019
A145: RP1 | D145: AO and DO cards has been requested to be powered of FX32 | I145: GK 23/04/2019
A146: RP1 | D146: Some weirdness going on with the the AI card and it's pin designation on the schematic | I146: Fixed GK 18/04/2019
A147: RP1 | C147: KF-KS-PRS-Ps-573 | D147: New addition. Not on the P&ID yet but this is going to go in to CB7 | I147: DS 17/04/2019 line dwg done GK23/04/2019
A148: Hydrualics | D148: C34 hydraulics needs to be added- see marked up line diagram CB4 | I148: GK 18/04/2019
A149: Hydraulics | D149: S16 Hydraulics needs to be moved - CB4 | I149: GK 18/04/2019
A150: GN2 Purge | C150: 05C360 | D150: Missing in drawings & IO ist | I150: GK 29/04/2019
A151: GN2 Purge | C151: 05C361 | D151: Missing in drawings & IO ist | I151: GK 29/04/2019
...

Sheet Rev 8 Changes
A1: Rev 8 changes | B1: Scheme Altered | C1: Find Number (If applicable) | D1: Comment | E1: Completed by
B2: Scheme 35 | C2: DC106 | D2: Changed a terminal | E2: DS 09/10/2019
B3: F | C3: 05C970,971,972 | D3: Additions for the Fairing ECS Umbilical | E3: DS 09/10/2019
B4: Scheme 183 &169 | D4: Change of the location of the PT-3 sensor from CB5 to CB4 | E4: DS 15/10/2019
B5: Scheme 102 | C5: 05C945 | D5: IO Channel Name Correction | E5: DS 15/10/2019
B6: Scheme 102 | C6: 05C940 | D6: IO Channel Name Correction | E6: DS 15/10/2019
B7: Scheme 101 | C7: 05C941 | D7: IO Channel Name Correction | E7: DS 15/10/2019
B8: Scheme 101 | C8: 05C942 | D8: IO Channel Name Correction | E8: DS 15/10/2019
B9: Scheme 101 | C9: 05C943 | D9: IO Channel Name Correction | E9: DS 15/10/2019
B10: Scheme 142 | C10: 02C384 | D10: IO Channel Name Correction | E10: DS 15/10/2019
B11: Scheme 143 | C11: 05C934 | D11: IO Channel Name Correction | E11: DS 15/10/2019
B12: Scheme 252 | C12: DC01-AVR01 | D12: Rearranged the block layout to keep sequential | E12: DS 15/10/2019
B13: Scheme 252 | C13: DC106 | D13: Reordered to be in sequence. Reallocated term 7, 8 and 9. To 6,7,8 respectively | E13: DS 15/10/2019
B14: Scheme 252 | C14: DC105 | D14: Inserted Spare blocks to keep this block sequential | E14: DS 15/10/2019
B15: Scheme 253 | C15: CB3.DC350 | D15: Added the full marshalling strip for WCCB3/S1-1 and made the block sequential | E15: DS 15/10/2019
B16: Scheme 253 | C16: CB3.DC350 | D16: Need to find space to physically insert extra terminals in the panel
B17: Scheme 254 | C17: CB4.DC-DI3 | D17: Rearranged the block layout to keep sequential | E17: DS 15/10/2019
B18: Scheme 256 | C18: CB6.DC650 | D18: Rearranged the block layout to keep sequential | E18: DS 15/10/2019
B19: Scheme 258 | C19: CB8.DC801 | D19: Added spare blocks to account for missing numbering & rearranged to make numbering sequential. | E19: DS 15/10/2019
B20: Scheme 259 | C20: CB9.DC118 | D20: Rearranged the block layout to keep sequential | E20: DS 15/10/2019
B21: Scheme 111 | C21: F1, F2, F3. F4 | D21: PNs and terminals clarified | E21: DS 15/10/2019
B22: Scheme 175 | C22: F5 | D22: PNs and terminals clarified | E22: DS 15/10/2019
B23: Scheme 193 | C23: Stage 1 Umbilical | D23: Full schematic of S1U box has been designed. This is the responsibility of RL to build | E23: DS 15/10/2019
B24: Scheme 252 | C24: CB1.DC-AI17 | D24: This has been incorrectly physically labelled as AI7. Needs to be changed in the field to AI17.
B25: Scheme 253 | C25: CB3.DC-AI15 | D25: Rearranged the drawing to match the as built | E25: DS 15/10/2019
B26: Scheme 253 | C26: CB3.DC300 | D26: There are wrong labels on the wiring
B27: Scheme 253 | C27: CB3.DC301 | D27: There are wrong labels on the wiring
B28: Scheme 253 | C28: CB3.DC302 | D28: Some terminals are missing from the as built 31ISO006 & 31ISO009 are also missing
B29: Scheme 254 | C29: CB4.DC450 | D29: Added blocks to match the as built | E29: DS 18/10/2019
B30: Scheme 254 | C30: FX21,22,23,24 | D30: Added blocks to match the as built | E30: DS 18/10/2019
B31: Scheme 253 | C31: CB1.DC-AI1 & AI2 | D31: Rearranged the drawing to match the as built | E31: DS 18/10/2019
B32: Scheme 189 | C32: DC550 | D32: Rearranged for +ve to be on the top rail and 3 additional blocks added | E32: DS 16/10/2019
B33: Scheme 189 | D33: Removed components not being used. Were listed as spare | E33: DS 16/10/2019
B34: Scheme 46 | D34: Proximity sensors were changed to IF505A type. | E34: DS 09/10/2019
D35: As a result 31ISO005 and 31ISO310 were bypassed.
D36: Terminals were changed to 3 tier.
D37: Cable changed to Haz C1D2 M12 cable
B38: Scheme 37 | C38: 05C392 | D38: Find number assigned | E38: DS 09/10/2019
B39: Scheme 39 | C39: 05C392 | D39: Find number assigned | E39: DS 09/10/2019
B40: Scheme 42 | C40: 05C390, 391 | D40: Find number assigned | E40: DS 09/10/2019
B41: Scheme 107 | C41: S5, S6 | D41: Cables & partnumber pins changed | E41: GK 22/10/2019
B42: 38, 200, 189, 17, 193, 196, 265 | C42: 05C318, 05C318, S2-Umb_Ts, 05C953, 05C954, S2J-S2H-PXS-PxE-437, S2J-S2H-PXS-PxR-438 | D42: Alterations needed to make the segregation of head and vehicle services possible | E42: DS 12/12/2019
B43: Scheme 221 | D43: Corrections to the SITOP reset and status wiring | E43: 43768
A44: CB10 RL#1 | C44: N/A | D44: =HYPERLINK("https://docs.google.com/spreadsheets/d/1K4g_3wVwH1TBQN4MMTiwvRuVzlKQs6LGuikLJPyrwzw/edit#gid=0","See Redline Document") -> See Redline Document
A45: CB10 RL#2 | C45: N/A | D45: =HYPERLINK("https://docs.google.com/spreadsheets/d/1K4g_3wVwH1TBQN4MMTiwvRuVzlKQs6LGuikLJPyrwzw/edit#gid=0","See Redline Document") -> See Redline Document
A46: F2RL#1 | C46: N/A | D46: =HYPERLINK("https://docs.google.com/spreadsheets/d/1K4g_3wVwH1TBQN4MMTiwvRuVzlKQs6LGuikLJPyrwzw/edit#gid=0","See Redline Document") -> See Redline Document
A47: CB1RL#1 | C47: N/A | D47: =HYPERLINK("https://docs.google.com/spreadsheets/d/1K4g_3wVwH1TBQN4MMTiwvRuVzlKQs6LGuikLJPyrwzw/edit#gid=0","See Redline Document") -> See Redline Document
A48: CB5 | D48: =HYPERLINK("https://drive.google.com/open?id=1MZ8RqsaTrJiYrSAz8de9eiu0QLkUmPDd","Mechanicals Updated per photos") -> Mechanicals Updated per photos
A49: F2 | D49: =HYPERLINK("https://drive.google.com/open?id=1MZ8RqsaTrJiYrSAz8de9eiu0QLkUmPDd","Mechanicals Updated per photos") -> Mechanicals Updated per photos

Sheet IS Review
A1: =HYPERLINK("https://drive.google.com/open?id=195ADsPF7e6qp-XCMHU02_gGfLOsAuj4y","Link to Drawing") -> Link to Drawing
A2: Review Notes
A3: Reference
A4: By: | B4: Dave Sheerin / Ian Curtis | F4: Date | G4: 43551
A6: Document/Section Reference | B6: Subsection Reference | C6: Find Number (if known) | D6: Comment | I6: Resolution (Accept/Accept w/ Comment/Reject/Withdrawn)
C7: BOM for IS devices | D7: 2200BGG200H23DA - This is general use: not Intrinsically Safe - please review BOM LC-2 BOM Rev 3 5-29-19(1)
D8: All the Proportional Directional Valves on the erector need their names to be checked against the hydraulics BOM
C11: 13C961 | D11: IS Barriers added | I11: Done GK 17/06/2019
C12: 13C901 | D12: IS Barriers added | I12: Done GK 17/06/2019
C13: 15C906 | D13: IS Barriers added | I13: Done GK 17/06/2019
C14: 15C907 | D14: IS Barriers added | I14: Done GK 17/06/2019
C15: 15C961 | D15: IS Barriers added | I15: Done GK 17/06/2019
C16: 15C908 | D16: IS Barriers added | I16: Done GK 17/06/2019
C17: 05C909 | D17: IS Barriers added | I17: Done GK 17/06/2019
C18: 14C911 | D18: IS Barriers added | I18: Done GK 17/06/2019
C19: 14C912 | D19: IS Barriers added | I19: Done GK 17/06/2019
C20: 14C913 | D20: IS Barriers added | I20: Done GK 17/06/2019
C21: 14C969 | D21: IS Barriers added | I21: Done GK 17/06/2019
C22: 05C914 | D22: IS Barriers added | I22: Done GK 17/06/2019
... C58: 41C905 | D58: IS Barriers added - - Component part not IS device | I58: Done GK 18/06/2019
C59: 41C999 | D59: Component part not IS device - not in P&ID -
C60: 41C998 | D60: Component part not IS device - not in P&ID -
C61: 41C997 | D61: Component part not IS device - not in P&ID -
C62: 41C303.2 | D62: IS Barriers added | I62: Done GK 21/06/2019
C63: 02C329.2 | D63: IS Barriers added | I63: Done GK 21/06/2019
C64: 02C331.2 | D64: IS Barriers added | I64: Done GK 21/06/2019
C65: 02C332.2 | D65: IS Barriers added | I65: Done GK 21/06/2019
C66: 02C333.2 | D66: IS Barriers added | I66: Done GK 21/06/2019
C67: 02C337.2 | D67: IS Barriers added | I67: Done GK 21/06/2019
C68: 02C338.2 | D68: IS Barriers added | I68: Done GK 21/06/2019
C69: 02C345.2 | D69: IS Barriers added | I69: Done GK 21/06/2019
C70: 02C346.2 | D70: IS Barriers added | I70: Done GK 24/06/2019
C71: 02C384.2 | D71: IS Barriers added | I71: Done GK 24/06/2019
C72: 02C382.2 | D72: IS Barriers added | I72: Done GK 24/06/2019
C73: 02C383.2 | D73: IS Barriers added | I73: Done GK 24/06/2019
... C83: 03C350.2 | D83: IS Barriers added | I83: Done GK 24/06/2019

Sheet Cable List Rev1
A1: Mark | B1: Description | C1: Path | D1: Origin | E1: Destination | F1: Reference
A2: ETH1-CB2 | B2: Network | C2: C.A.CB2<>C.A.CB1 | D2: CB2 - Control Box 2 | E2: CB1 - Control Box 1 | F2: 4C-CAT6e
A3: ETH1-CB1 | B3: Network | C3: C.A.CB1<>C.A.CB1 | D3: CB1 - Control Box 1 | E3: CB1 - Control Box 1 | F3: 4C-CAT6e
A4: ETH2-CB7 | B4: Network | C4: C.A.CB1<>C.CB7 | D4: CB1 - Control Box 1 | E4: CB7 Control Box | F4: 4C-CAT6e
A5: ETH2-CB2 | B5: Network | C5: C.A.CB2<>C.A.CB1 | D5: CB2 - Control Box 2 | E5: CB1 - Control Box 1 | F5: 4C-CAT6e
A6: ETH1-CB3 | B6: Network | C6: C.A.CB1<>C.D.CB3 | D6: CB1 - Control Box 1 | E6: CB3 - Control Box 3 | F6: 4C-CAT6e
A7: ETH2-CB1 | B7: Network | C7: C.A.CB1<>C.A.CB1 | D7: CB1 - Control Box 1 | E7: CB1 - Control Box 1 | F7: 4C-CAT6e
A8: ETH1-CB5 | B8: Network | C8: C.A.CB1<>C.D.CB5 | D8: CB1 - Control Box 1 | E8: Strongback | F8: 4C-CAT6e
A9: ETH1-CB4 | B9: Network | C9: C.A.CB1<>C.D.CB4 | D9: CB1 - Control Box 1 | E9: CB4 - Control Box 4 | F9: 4C-CAT6e
A10: ETH2-CB3 | B10: Network | C10: C.D.CB3<>C.A.CB1 | D10: CB3 - Control Box 3 | E10: CB1 - Control Box 1 | F10: 4C-CAT6e
A11: ETH2-CB5 | B11: Network | C11: C.D.CB5<>C.A.CB1 | D11: Strongback | E11: CB1 - Control Box 1 | F11: 4C-CAT6e
A12: ETH1-CB6 | B12: Network | C12: C.A.CB1<>C.E.CB6 | D12: CB1 - Control Box 1 | E12: CB6 - Control Box 6 | F12: 4C-CAT6e
... A16: WCCB3-30 | B16: 4 Core Pressure Transducer Wire Assy | C16: C.B<>C.B | D16: LOx Area | E16: LOx Area | F16: 4x 0.33
A17: WCLIENT-3 | B17: UNITRONIC PUR CP (TP) 3 x 2 x 0.25 | C17: C.A.L<>C.D.R | D17: Client Room | E17: Client Panel | F17: 32851
A18: WCLIENT-4 | B18: UNITRONIC PUR CP (TP) 3 x 2 x 0.25 | C18: C.A.L<>C.D.R | D18: Client Room | E18: Client Panel | F18: 32851
A19: WCCB3/F2-5 | B19: 4 Core Power Cable | C19: C.D.CB3<>C.D.F2 | D19: CB3 - Control Box 3 | E19: Erector | F19: 1000 R2V-RH 4X4 M
A20: WCCB4/F3-03 | B20: 4 Core Power Cable | C20: C.D.CB4<>C.D.F3 | D20: CB4 - Control Box 4 | E20: Erector | F20: 1000 R2V-RH 4X4 M
A21: WCAVR/CB5-4 | B21: 18 Core Instrumentation Cable | C21: C.A<>C.D.CB5 | D21: Electrical Vault | E21: Strongback | F21: 18G 0.75
A22: WCAVR/F8-4 | B22: 18 Core Instrumentation Cable | C22: C.A<>C.D.F4 | D22: Electrical Vault | E22: GNC BOX | F22: 18G 0.75
A23: WCCB1/CB3-1 | B23: 18 Core Instrumentation Cable | C23: C.A.CB1<>C.D.CB3 | D23: CB1 - Control Box 1 | E23: CB3 - Control Box 3 | F23: 18G 0.75
A24: WCCB1/CB3-2 | B24: 18 Core Instrumentation Cable | C24: C.A.CB1<>C.D.CB3 | D24: CB1 - Control Box 1 | E24: CB3 - Control Box 3 | F24: 18G 0.75
A25: WCCB1/CB4-1 | B25: 18 Core Instrumentation Cable | C25: C.A.CB1<>C.D.CB4 | D25: CB1 - Control Box 1 | E25: CB4 - Control Box 4 | F25: 18G 0.75
A26: WCCB1/CB5-1 | B26: 18 Core Instrumentation Cable | C26: C.A.CB1<>C.D.CB5 | D26: CB1 - Control Box 1 | E26: Strongback | F26: 18G 0.75
A27: WCCB1/CB9-1 | B27: 18 Core Instrumentation Cable | C27: C.A.CB1<>C.D.CB9 | D27: CB1 - Control Box 1 | E27: Erector | F27: 18G 0.75
A28: WCCB1/F1-1 | B28: 18 Core Instrumentation Cable | C28: C.A.CB1<>C.A.F1 | D28: CB1 - Control Box 1 | E28: Gas Storage | F28: 18G 0.75
A29: WCCB1/F2-1 | B29: 18 Core Instrumentation Cable | C29: C.A.CB1<>C.D.F2 | D29: CB1 - Control Box 1 | E29: Erector | F29: 18G 0.75
A30: WCCB1/F2-2 | B30: 18 Core Instrumentation Cable | C30: C.A.CB1<>C.D.F2 | D30: CB1 - Control Box 1 | E30: Erector | F30: 18G 0.75
... A120: WCCB2-20 | B120: 4 Core Instrumentation Cable | C120: C.D<>C.A.CB2 | D120: Erector | E120: CB2 - Control Box 2 | F120: 4 X 0.75
A121: WCCB2/F2-1 | B121: 4 Core Instrumentation Cable | C121: C.A.CB2<>C.D.F2 | D121: CB2 - Control Box 2 | F121: 4 X 0.75
A122: WCCB3-1 | B122: 4 Core Instrumentation Cable | C122: C.D<>C.D.CB3 | D122: Erector | E122: CB3 - Control Box 3 | F122: 4 X 0.75
A123: WCCB3-2 | B123: 4 Core Instrumentation Cable | C123: C.E<>C.D.CB3 | D123: Equipment Vault | E123: CB3 - Control Box 3 | F123: 4 X 0.75
A124: WCCB3-3 | B124: 4 Core Instrumentation Cable | C124: C.D<>C.D.CB3 | D124: Erector | E124: CB3 - Control Box 3 | F124: 4 X 0.75
A125: WCCB3-4 | B125: 4 Core Instrumentation Cable | C125: C.D.CB3<>C.D.CB3 | D125: CB3 - Control Box 3 | E125: CB3 - Control Box 3 | F125: 4 X 0.75
A126: WCCB3-5 | B126: 4 Core Instrumentation Cable | C126: C<>C.D.CB3 | D126: Pad 0C | E126: CB3 - Control Box 3 | F126: 4 X 0.75
A127: WCCB3-6 | B127: 4 Core Instrumentation Cable | C127: C<>C.D.CB3 | D127: Pad 0C | E127: CB3 - Control Box 3 | F127: 4 X 0.75
A128: WCCB3-7 | B128: 4 Core Instrumentation Cable | C128: C<>C.D.CB3 | D128: Pad 0C | E128: CB3 - Control Box 3 | F128: 4 X 0.75
A129: WCCB3-8 | B129: 4 Core Instrumentation Cable | C129: C<>C.D.CB3 | D129: Pad 0C | E129: CB3 - Control Box 3 | F129: 4 X 0.75
A130: WCCB3-9 | B130: 4 Core Instrumentation Cable | C130: C.D.CB3<>C.D.CB3 | D130: CB3 - Control Box 3 | E130: CB3 - Control Box 3 | F130: 4 X 0.75
A131: WCCB3-10 | B131: 4 Core Instrumentation Cable | C131: C.D.CB3<>C | D131: CB3 - Control Box 3 | E131: Pad 0C | F131: 4 X 0.75
A132: WCCB3-11 | B132: 4 Core Instrumentation Cable | C132: C.D.CB3<>C.D.CB3 | D132: CB3 - Control Box 3 | E132: CB3 - Control Box 3 | F132: 4 X 0.75
A133: WCCB3-12 | B133: 4 Core Instrumentation Cable | C133: C.D<>C.D.CB3 | D133: Erector | E133: CB3 - Control Box 3 | F133: 4 X 0.75
... A405: CB3/CB9-0VDC | B405: white jacket | C405: C.D.CB3<>C.D.CB9 | D405: CB3 - Control Box 3 | E405: Erector | F405: H05 V2V2-F 2X1 WH
A406: F2/CB5-0VDC | B406: white jacket | C406: C.D.F2<>C.D.CB5 | E406: Strongback | F406: H05 V2V2-F 2X1 WH
A407: CB9/CB4-0VDC | B407: white jacket | C407: C.D.CB9<>C.D.CB4 | E407: CB4 - Control Box 4 | F407: H05 V2V2-F 2X1 WH
A408: CB4/F3-0VDC | B408: white jacket | C408: C.D.CB4<>C.D.F3 | D408: CB4 - Control Box 4 | E408: Erector | F408: H05 V2V2-F 2X1 WH
A409: F5/F6-0VDC | B409: white jacket | C409: C.A.F6<>C.F5 | E409: Helium | F409: H05 V2V2-F 2X1 WH
A410: CB6/F5-0VDC | B410: white jacket | C410: C.E.CB6<>C.F5 | D410: CB6 - Control Box 6 | E410: Helium | F410: H05 V2V2-F 2X1 WH
A411: CB6/CB7-0VDC | B411: white jacket | C411: C.E.CB6<>C.CB7 | D411: CB6 - Control Box 6 | E411: CB7 Control Box | F411: H05 V2V2-F 2X1 WH

Sheet Cable List Rev2
A1: Mark | B1: Description | C1: Path | D1: Origin | E1: Destination | F1: Reference
A2: CB1/CB2-0VDC1 | B2: 0V dc Ring | C2: C.A.CB1.CB2<>C.A.CB1 | D2: CB2 - Control Box 2 | E2: CB1 - Control Box 1 | F2: 1026513
A3: CB1/CB3-0VDC | B3: 0V dc Ring | C3: C.D.CB3<>C.D.CB3 | D3: CB3 - Control Box 3 | E3: CB3 - Control Box 3 | F3: 1026513
A4: CB1/CB4-0VDC | B4: 0V dc Ring | C4: C.A.CB1<>C.D.CB4 | D4: CB1 - Control Box 1 | E4: CB4 - Control Box 4 | F4: 1026513
A5: CB1/F1-0VDC | B5: 0V dc Ring | C5: C.A.CB1<>C.F1 | D5: CB1 - Control Box 1 | E5: South Gas Pad | F5: 1026513
A6: CB3/CB9-0VDC | B6: 0V dc Ring | C6: C.D.CB3<>C.D.CB9 | D6: CB3 - Control Box 3 | E6: Battery Heater | F6: 1026513
A7: CB3/F2-0VDC | B7: 0V dc Ring | C7: C.D.CB3<>C.D.F2 | D7: CB3 - Control Box 3 | E7: Erector South East | F7: 1026513
A8: CB4/F3-0VDC | B8: 0V dc Ring | C8: C.D.CB4<>C.D.F3 | D8: CB4 - Control Box 4 | E8: Erector North East | F8: 1026513
A9: CB4/F3-0VDC | B9: 0V dc Ring | C9: C.D.F3<>C.D.CB4 | D9: Erector North East | E9: CB4 - Control Box 4 | F9: 1026513
A10: CB6/CB7-0VDC | B10: 0V dc Ring | C10: C.E.CB6<>C.CB7 | D10: CB6 - Control Box 6 | E10: CB7 Control Box | F10: 1026513
A11: CB6/F5-0VDC | B11: 0V dc Ring | C11: C.E.CB6<>C.F5 | D11: CB6 - Control Box 6 | E11: Helium Pad | F11: 1026513
A12: CB9/CB4-0VDC | B12: 0V dc Ring | C12: C.D.CB9<>C.D.CB4 | D12: Battery Heater | E12: CB4 - Control Box 4 | F12: 1026513
A13: F2/CB5-0VDC | B13: 0V dc Ring | C13: C.D.F2<>C.D.J.CB5 | D13: Erector South East | E13: Strongback | F13: 1026513
... A15: F5/F6-0VDC | B15: 0V dc Ring | C15: C.F6<>C.F5 | D15: High Pressure GHE/GN2 | E15: Helium Pad | F15: 1026513
A16: WCCB1/CB3-1 | B16: 18 Core Instrumentation Cable | C16: C.A.CB1<>C.D.CB3 | D16: CB1 - Control Box 1 | E16: CB3 - Control Box 3 | F16: 18G 0.75
A17: WCCB1/CB3-2 | B17: 18 Core Instrumentation Cable | C17: C.A.CB1<>C.D.CB3 | D17: CB1 - Control Box 1 | E17: CB3 - Control Box 3 | F17: 18G 0.75
A18: WCCB1/CB4-1 | B18: 18 Core Instrumentation Cable | C18: C.A.CB1<>C.D.CB4 | D18: CB1 - Control Box 1 | E18: CB4 - Control Box 4 | F18: 18G 0.75
A19: WCCB1/CB4-2 | B19: 18 Core Instrumentation Cable | C19: C.A.CB1<>C.D.CB4 | D19: CB1 - Control Box 1 | E19: CB4 - Control Box 4 | F19: 18G 0.75
A20: WCCB1/CB5-1 | B20: 18 Core Instrumentation Cable | C20: C.A.CB1<>C.D.J.CB5 | D20: CB1 - Control Box 1 | E20: Strongback | F20: 18G 0.75
A21: WCCB1/CB9-1 | B21: 18 Core Instrumentation Cable | C21: C.A.CB1<>C.D.CB9 | D21: CB1 - Control Box 1 | E21: Battery Heater | F21: 18G 0.75
A22: WCCB1/F1-1 | B22: 18 Core Instrumentation Cable | C22: C.A.CB1<>C.F1 | D22: CB1 - Control Box 1 | E22: South Gas Pad | F22: 18G 0.75
A23: WCCB1/F2-1 | B23: 18 Core Instrumentation Cable | C23: C.A.CB1<>C.D.F2 | D23: CB1 - Control Box 1 | E23: Erector South East | F23: 18G 0.75
A24: WCCB1/F2-2 | B24: 18 Core Instrumentation Cable | C24: C.A.CB1<>C.D.F2 | D24: CB1 - Control Box 1 | E24: Erector South East | F24: 18G 0.75
A25: WCCB1/F2-3 | B25: 18 Core Instrumentation Cable | C25: C.A.CB1<>C.D.F2 | D25: CB1 - Control Box 1 | E25: Erector South East | F25: 18G 0.75
A26: WCCB1/F3-1 | B26: 18 Core Instrumentation Cable | C26: C.A.CB1<>C.D.F3 | D26: CB1 - Control Box 1 | E26: Erector North East | F26: 18G 0.75
A27: WCCB1/S2-1 | B27: 18 Core Instrumentation Cable | C27: C.A.CB1<>C.D.J.S2_BOX | D27: CB1 - Control Box 1 | E27: STRONG BACK STAGE 2 BOX | F27: 18G 0.75
... A469: WCAVR/F8-3 | B469: Supply | C469: C.A<>C.D.F4 | D469: Electrical Vault | E469: GNC BOX | F469: 4G 16

Sheet Drawing Status
A1: System | C1: 1st Draft Elec Drawings Done | D1: Final P&IDs Received | E1: Date | F1: 1st Review Done | H1: Alterations Complete | I1: 2nd Review done | J1: Check Schematics | K1: Complete for release
A2: Description | B2: Number | F2: Complete? | G2: By
A3: LC-2 GN2 UTILITY SKID | B3: MP-101 | C3: YES | D3: YES | E3: 43559 | F3: YES | G3: DS | H3: YES
A4: MUSCLE GASEOUS NITROGEN (GN2) | B4: MP-102 | C4: YES | D4: YES | E4: 43559 | F4: YES | G4: DS | H4: YES
A5: INSTRUMENT GASEOUS NITROGEN (GN2) | B5: MP-103 | C5: YES | D5: YES | E5: 43559 | F5: YES | G5: DS | H5: N/A Covered Elsewhere
A6: LO2 STORAGE SCHEMATIC | B6: MP-104 | C6: YES | D6: YES | E6: 43559 | F6: YES | G6: JP | H6: YES
A7: LOX SCHEMATIC | B7: MP-105 | C7: YES | D7: YES | E7: 43559 | F7: YES | G7: JP | H7: YES
A8: GASEOUS OXYGEN (GOX) | B8: MP-106 | C8: YES | D8: YES | E8: 43557 | F8: YES | G8: DS | H8: YES
A9: METHANE (CH4) | B9: MP-107 | C9: YES | D9: YES | E9: 43557 | F9: YES | G9: DS | H9: YES
A10: ROCKET PROPELLANT 1 (RP1) | B10: MP-108 | C10: YES | D10: YES | E10: 43557 | F10: YES | G10: DS | H10: YES
A11: HVAC / ECS | B11: MP-109 | C11: YES | D11: YES | E11: 43566 | F11: YES | G11: DS | H11: NO
A12: CARBON DIOXIDE | B12: MP-110 | C12: YES | D12: YES | E12: 43557 | F12: YES | G12: DS | H12: YES
A13: DELUGE | B13: MP-111 | C13: YES | D13: YES | E13: 43557 | F13: YES | G13: DS | H13: YES
A14: MEDIUM PRESSURE GHe (ANTI-GEYSERING) | B14: MP-112 | C14: YES | D14: YES | E14: 43557 | F14: YES | G14: DS | H14: YES
A15: ERECTOR GN2 PURGE GAS | B15: MP-113 | C15: YES | D15: YES | E15: 43572 | F15: YES | G15: JP | H15: NO
A16: GN2 / KERO PURGE STAGE 1 | B16: MP-114 | C16: YES | D16: YES | E16: 43572 | F16: NO | H16: NO
A17: GN2 / KERO PURGE STAGE 2 | B17: MP-115 | C17: YES | D17: YES | E17: 43572 | F17: YES | G17: GK | H17: NO
A18: GN2 (HIGH FLOW) | B18: MP-116 | C18: YES | D18: YES | E18: 43584 | F18: YES | G18: JO | H18: NO
A19: GN2 - LOX PURGE | B19: MP-117 | C19: YES | D19: YES | E19: 43572 | F19: NO | H19: NO
A20: STRONG BACK | B20: MP-118 | C20: YES | D20: YES | E20: 43572 | F20: NO | H20: NO
A21: STAGE 1 UMBILICAL | B21: MP-119 | C21: YES | D21: YES | E21: 43572 | F21: N/A Covered Elsewhere | G21: JO | H21: NO
A22: EJECTION / JETTISON GN2 | B22: MP-120 | C22: YES | D22: YES | E22: 43572 | F22: NO | H22: NO
A23: STAGE 2 UMBILICAL | B23: MP-121 | C23: YES | D23: YES | E23: 43572 | F23: YES | G23: JO | H23: NO
A24: Hydraulics | B24: RevD | C24: YES | D24: YES | E24: 43556 | F24: YES | G24: JO | H24: YES
A25: STAGE 3 (Fairing) HVAC | C25: YES | D25: NO | F25: NO | G25: JO | H25: NO

Sheet ECS Heater Control Review 
A2: Signal | B2: Type | C2: Chromalox Terminal
A3: Power Pack Heater Enable (24V = Enabled) | B3: Digital Output (24V) | C3: TB1-9, TB1-10 | G3: integrated into Chromalux's panel
A4: Power Pack Heater Trip Reset 24V to reset | B4: Digital Output (24V) | C4: Main Control Board: J3-6, J3-5 | G4: Into TIC terminal 8 and 9
A5: Power Pack Heater Mode (24V = PID mode, 0V = demand mode) | B5: Digital Output (24V) | C5: ?, ? | G5: Into TIC terminal 7 and 6
A6: Setpoint 4-20mA (0-100 degrees C) | B6: Analog Output (4-20mA, sourcing) | C6: TIC1-7, TIC1-6 | G6: Not clear in drawings how we can directly trigger the scr. Do we need a 4-20mA isolating device as it appears they need the signal to be sourced from their control unit?
A7: Heater Process Temperature 4-20mA (-50 to 150 degrees C) | B7: Analog Input (4-20mA, sinking) | C7: ?, ?
A8: overtemp trip (0V = trip) | B8: Digital Input (24V) | C8: TB2-1, TB2-12 (TB2-2 to TB2-11 wired in series) | G8: Not clear in drawings how we can directly trigger the scr. Do we need a 4-20mA isolating device as it appears they need the signal to be sourced from their control unit?
G13: What connections does he expect to the controllers. And shouldn't they be connected to terminal strips? The way it is drawn we would have to wire directly into the controllers. We need to control the set points mentioned in A4-A10
A15: Drawing Number | E15: Abbreviation | F15: Description | G15: PN
A16: 8405-3480100-1014966-5 | E16: TIC | F16: Temperature Controller | G16: =HYPERLINK("http://www.chromalox.com/catalog/resources/IM-PK508.pdf","4040-ARA110") -> 4040-ARA110
E17: OTC | F17: Overtemp Control | G17: =HYPERLINK("http://www.chromalox.com/catalog/resources/MOD-6050-4050.pdf","6050-1RA10") -> 6050-1RA10
E18: SCR | F18: SCR | G18: MMAX2-401110-0001

Sheet Fusing
A1: Fuse Code | B1: Fuse Number | C1: Term Strip Number | D1: System Description | E1: Location | G1: Number of fuse blocks
A2: =CONCATENATE("F",B2) -> F1.1 | B2: 1.1 | C2: FX01 | D2: Internal Componentry | E2: South Vault | G2: South Vault | H2: North Vault | I2: RP-1 skid | J2: LOX skid
A3: =CONCATENATE("F",B3) -> F1.2 | B3: 1.2 | C3: FX02 | D3: Hydraulics 1 | E3: South Vault | G3: =ROUNDUP(COUNTIF($E:$E,G2)/4,1) -> 7.8 | H3: =ROUNDUP(COUNTIF($E:$E,H2)/4,1) -> 1 | I3: =ROUNDUP(COUNTIF($E:$E,I2)/4,1) -> 1 | J3: =ROUNDUP(COUNTIF($E:$E,J2)/4,1) -> 1
A4: =CONCATENATE("F",B4) -> F1.3 | B4: 1.3 | C4: FX03 | D4: Hydraulics 2 | E4: South Vault
A5: =CONCATENATE("F",B5) -> F1.4 | B5: 1.4 | C5: FX04 | D5: Lox Erector platorm launcher | E5: South Vault
A6: =CONCATENATE("F",B6) -> F2.1 | B6: 2.1 | C6: FX05 | D6: ECS 1 | E6: South Vault
A7: =CONCATENATE("F",B7) -> F2.2 | B7: 2.2 | C7: FX06 | D7: ECS 2 | E7: South Vault
A8: =CONCATENATE("F",B8) -> F2.3 | B8: 2.3 | C8: FX07 | D8: Igniter | E8: South Vault
A9: =CONCATENATE("F",B9) -> F2.4 | B9: 2.4 | C9: FX08 | D9: Kero Tank Purge | E9: South Vault
A10: =CONCATENATE("F",B10) -> F3.1 | B10: 3.1 | C10: FX09 | D10: Network | E10: South Vault
A11: =CONCATENATE("F",B11) -> F3.2 | B11: 3.2 | C11: FX10 | D11: Auxiliary | E11: South Vault
A12: =CONCATENATE("F",B12) -> F3.3 | B12: 3.3 | C12: FX11 | D12: Sense A | E12: South Vault
A13: =CONCATENATE("F",B13) -> F3.4 | B13: 3.4 | C13: FX12 | D13: Sense B | E13: South Vault
A14: =CONCATENATE("F",B14) -> F4.1 | B14: 4.1 | C14: FX13 | D14: CB1- Controllers | E14: South Vault
A15: =CONCATENATE("F",B15) -> F4.2 | B15: 4.2 | C15: FX14 | D15: AVR SUPPLY | E15: South Vault
... A29: =CONCATENATE("F",B29) -> F7.4 | B29: 7.4 | C29: FX28 | D29: N4 - Vehicle Services | E29: South Vault
A30: =CONCATENATE("F",B30) -> F8.1 | B30: 8.1 | C30: FX29 | D30: C3 - Place holder | E30: RP-1 skid | F30: CB7
A31: =CONCATENATE("F",B31) -> F8.2 | B31: 8.2 | C31: FX30 | D31: C3 - Place holder | E31: RP-1 skid | F31: CB7
A32: =CONCATENATE("F",B32) -> F8.3 | B32: 8.3 | C32: FX31 | D32: C3 - Place holder | E32: RP-1 skid | F32: CB7
A33: =CONCATENATE("F",B33) -> F8.4 | B33: 8.4 | C33: FX32 | D33: C3 - Place holder | E33: RP-1 skid | F33: CB7
A34: =CONCATENATE("F",B34) -> F9.1 | B34: 9.1 | C34: FX33 | D34: Hydraulics 3
A35: =CONCATENATE("F",B35) -> F9.2 | B35: 9.2 | C35: FX34 | D35: Controller Power Backup
A36: =CONCATENATE("F",B36) -> F9.3 | B36: 9.3 | C36: FX35 | D36: DIO Gating | E36: South Vault
A37: =CONCATENATE("F",B37) -> F9.4 | B37: 9.4 | C37: FX36 | D37: Spare
A38: =CONCATENATE("F",B38) -> F10.1 | B38: 10.1 | C38: FX37 | D38: C2 - Controllers | E38: LOX skid | F38: CB8
A39: =CONCATENATE("F",B39) -> F10.2 | B39: 10.2 | C39: FX38 | D39: C2 - Sense A | E39: LOX skid | F39: CB8
A40: =CONCATENATE("F",B40) -> F10.3 | B40: 10.3 | C40: FX39 | D40: C2 - Sense B | E40: LOX skid | F40: CB8
A41: =CONCATENATE("F",B41) -> F10.4 | B41: 10.4 | C41: FX40 | D41: C2 - Back up | E41: LOX skid | F41: CB8
A42: F11.1 | B42: 11.1 | C42: FX41 | D42: N5 - Controllers | E42: North Vault | F42: CB6
A43: F11.2 | B43: 11.2 | C43: FX42 | D43: N5 - Sense A | E43: North Vault | F43: CB6
A44: F11.3 | B44: 11.3 | C44: FX43 | D44: N5 - Hydraulic Pump 1 | E44: North Vault | F44: CB6
A45: F11.4 | B45: 11.4 | C45: FX44 | D45: N5 - Hydraulic Pump 2 | E45: North Vault | F45: CB6
A46: F12.1 | B46: 11.1 | C46: FX45 | D46: N6 - HVH Controllers | E46: ERECTOR | F46: CB9 | G46: Fed From FX16
A47: F12.2 | B47: 11.2 | C47: FX46 | D47: N6 - HVH Sense A | E47: ERECTOR | F47: CB9
A48: F12.3 | B48: 11.3 | C48: FX47 | D48: N6 - HVH Sense B | E48: ERECTOR | F48: CB9
A49: F12.4 | B49: 11.4 | C49: FX48 | D49: N6 - HVH Back up | E49: ERECTOR | F49: CB9
A50: F12.5 | B50: 11.4 | C50: FX49 | D50: additional sitop in CB1 | E50: South Vault | F50: CB1
A51: F12.6 | B51: 11.4 | C51: FX50 | D51: additional sitop in CB1 | E51: South Vault | F51: CB1

Sheet DC Terminal designations
A1: Dest. Enclosure | B1: DC TERMINAL NAMING CONVENTION
A2: CB1 | B2: DC same naming as designation panels
A3: CB2 | B3: DC same naming as designation panels
A4: AC01 | B4: AC SUPPLY
A5: AC02 | B5: AC MOTOR SUPPLY
A6: AC01 | B6: AC01 | C6: AC SUPPLY
A7: AC02 | B7: AC02 | C7: AC MOTOR SUPPLY
A8: CB9.DC01 | B8: DC01 | C8: HV Batt 2 LEVEL from CB1
A9: CB4.DC01 | B9: DC01 | C9: HYDRAULICS 3 LEVEL TO INST
A10: CB8.DC01 | B10: DC01 | C10: Liquid Oxygen 2 LEVEL
A11: CB3.DC01 | B11: DC01 | C11: IGNITER 2 LEVEL
A12: CB3.DC01 | B12: DC01 | C12: Liquid Oxygen 2 LEVEL
A13: DC01-AVR | B13: DC01-AVR | C13: AV RACK RPSUs CABLE
A14: DC01-AVR01 | B14: DC01-AVR01
A15: CB4.DC02 | B15: DC02 | C15: HYDRAULICS 2 LEVEL FROM CB4
A16: CB1.DC02 | B16: DC02 | C16: HYDRAULICS 2 LEVEL FROM CB4
A17: CB2.DC02 | B17: DC02 | C17: IGNITER 3 LEVEL FROM F1
A18: CB3.DC02 | B18: DC02 | C18: IGNITER 3 LEVEL
A19: CB3.DC03 | B19: DC03 | C19: Liquid Oxygen 2 LEVEL
A20: DC03-AVR01 | B20: DC03-AVR01 | C20: AVR TERMINALS TO ERECTOR
A21: CB4.DC04 | B21: DC04 | C21: HYDRAULICS 3 LEVEL- CB4 To CB1
A22: CB1.DC04 | B22: DC04 | C22: HYDRAULICS 3 LEVELCB1 TO CB4
A23: CB3.DC04 | B23: DC04 | C23: Liquid Oxygen 2 LEVEL
A24: CB1.DC050 | B24: DC050 | C24: WATER DELUGE CONNECTIONS 2 LEVEL
A25: F8.DC0901 | B25: DC0901 | C25: GNC TERMINALS FROM SOUTH VAULT
A26: F8.DC0902 | B26: DC0902 | C26: GNC TERMINALS TO UMBILICAL
... A39: F2.DC201 | B39: DC201 | C39: HYDRAULICS 2 LEVEL FIELD TO CB1
A40: DC202 | B40: DC202
A41: CB3.DC202 | B41: DC202 | C41: HYDRAULICS F2 TO CB3
A42: CB1.DC202 | B42: DC202 | C42: HYDRAULICS 2 LEVEL FROM F2
A43: F2.DC202 | B43: DC202 | C43: HYDRAULICS 2 LEVEL FIELD TO CB1
A44: CB3.DC251 | B44: DC251 | C44: HYDRAULICS 3 LEVEL F2 TO CB3
A45: F2.DC251 | B45: DC251 | C45: HYDRAULICS 3 LEVEL F2 TO CB3
A46: CB4.DC300 | B46: DC300 | C46: HYDRAULICS2 LEVEL F3 TO CB4
A47: F3.DC300 | B47: DC300 | C47: HYDRAULICS 2LEVEL F3 TO CB4
A48: CB1.DC302 | B48: DC302 | C48: HYDRAULICS 2 LEVEL FROM F3
A49: F3.DC302 | B49: DC302 | C49: HYDRAULICS 2 LEVEL F3 TO CB1
A50: CB4.DC350 | B50: DC350 | C50: HYDRAULICS 3 LEVEL- F3 To CB4
A51: F3.DC350 | B51: DC350 | C51: HYDRAULICS 3 LEVEL F3 TO CB4
A52: CB1.DC401 | B52: DC401 | C52: HYDRAULICS 2 LEVEL CB1 FROM CB5
... A96: CB9.F01 | B96: F01 | C96: 24V Internal Componentry
A97: 23.C.F01 | B97: F01
A98: CB9.F02 | B98: F02 | C98: OUTPUTS
A99: CB9.F03 | B99: F03 | C99: SENSE
A100: FX01 | B100: FX01 | C100: F01.1 - Internal Componentry
A101: FX02 | B101: FX02 | C101: F01.2 - Hydraulics 1
A102: FX03 | B102: FX03 | C102: F01.3 - Hydraulics 2
A103: FX03- F2 | B103: FX03- F2 | C103: HYDRAULICS 2 FROM CB1 TO F2
A104: FX04 | B104: FX04 | C104: F01.4 - Lox Erector platorm launcher
A105: FX05 | B105: FX05 | C105: F02.1 - ECS 1
A106: FX06 | B106: FX06 | C106: F02.2 - ECS 2
A107: FX07 | B107: FX07 | C107: F02.3 - Igniter
A108: FX08 | B108: FX08 | C108: F02.4 - Kero Tank Purge
A109: FX09 | B109: FX09 | C109: F03.1 - Network
... A167: FX40 | B167: FX40 | C167: F10.4- C3 Back up

Sheet REF - Interface Cards
A1: 1 | B1: Card | C1: Chassis | D1: Slot | E1: Part Number | H1: Chassis | I1: Box Name | J1: Location | K1: Purpose | L1: AO 9266 - DSUB | N1: DO 9476 - DSUB | P1: DIO 9375 - DSUB | R1: AI 9208 - DSUB | T1: DI 9425 - DSUB | V1: RTD 9216 - DSUB | X1: TC 9213 - Spring-terminal
A2: 2 | B2: DO1 | C2: C1 | D2: 1 | E2: H:I | H2: C1 | I2: CB1 | J2: Elec V. | K2: Master | L2: Pins | M2: IO Channels | N2: Pins | O2: IO Channels | P2: Pins | Q2: IO Channels | R2: Pins | S2: IO Channels | T2: Pins | U2: IO Channels | V2: Pins | W2: IO Channels | X2: Pins (+,-) | Y2: IO Channels
A3: 3 | B3: DO2 | C3: C1 | D3: 2 | E3: H:I | H3: C2 | I3: CB8 | J3: LOx | K3: LOx Skid | M3: 0 | N3: 1 | O3: 0 | P3: 1 | Q3: IN 0 | R3: 1 | S3: 0 | T3: 1 | U3: 0 | V3: 1,2,20,21 | W3: 0 | X3: 0 | Y3: 0
A4: 4 | B4: DO3 | C4: C1 | D4: 3 | E4: H:I | H4: C3 | I4: CB7 | J4: RP1 (KERO) | K4: RP1 Skid | M4: 1 | N4: 2 | O4: 1 | P4: 2 | Q4: IN 1 | R4: 2 | S4: 1 | T4: 2 | U4: 1 | V4: 3,4,22,23 | W4: 1 | X4: 1 | Y4: 1
A5: 5 | B5: DO4 | C5: C1 | D5: 4 | E5: H:I | H5: N1 | I5: CB2 | J5: Elec V. | K5: Node 1 | M5: 2 | N5: 3 | O5: 2 | P5: 3 | Q5: IN 2 | R5: 3 | S5: 2 | T5: 3 | U5: 2 | V5: 5,6,24,25 | W5: 2 | X5: 2 | Y5: 2
A6: 6 | B6: DIO1 | C6: C1 | D6: 5 | E6: H:I | H6: N2 | I6: CB3 | J6: ER - S/W | K6: Node 2 | M6: 3 | N6: 4 | O6: 3 | P6: 4 | Q6: IN 3 | R6: 4 | S6: 3 | T6: 4 | U6: 3 | V6: 7,8,26,27 | W6: 3 | X6: 3 | Y6: 3
A7: 7 | B7: DIO3 | C7: C1 | D7: 6 | E7: H:I FPGA | H7: N3 | I7: CB4 | J7: ER - N/W | K7: Node 3 | M7: 4 | N7: 5 | O7: 4 | P7: 5 | Q7: IN 4 | R7: 5 | S7: 4 | T7: 5 | U7: 4 | V7: 11,12,30,31 | W7: 4 | X7: 4 | Y7: 4
A8: 8 | B8: DIO4 | C8: C1 | D8: 7 | E8: H:I FPGA | H8: N4 | I8: CB5 | J8: ER - S.B. | K8: Node 4 | M8: 5 | N8: 6 | O8: 5 | P8: 6 | Q8: IN 5 | R8: 6 | S8: 5 | T8: 6 | U8: 5 | V8: 13,14,32,33 | W8: 5 | X8: 5 | Y8: 5
A9: 9 | B9: AI17 | C9: C1 | D9: 8 | E9: H:I FPGA | H9: N5 | I9: CB6 | J9: Equip V. | K9: Node 5 - | M9: 6 | N9: 7 | O9: 6 | P9: 7 | Q9: IN 6 | R9: 7 | S9: 6 | T9: 7 | U9: 6 | V9: 15,16,34,35 | W9: 6 | X9: 6 | Y9: 6
A10: 10 | B10: RTD5 | C10: C2 | D10: 1 | E10: H:I | H10: N6 | I10: CB9 | J10: ER - HVBH | K10: Node 6 - HVBH | M10: 7 | N10: 8 | O10: 7 | P10: 8 | Q10: IN 7 | R10: 8 | S10: 7 | T10: 8 | U10: 7 | V10: 17,18,36,37 | W10: 7 | X10: 7 | Y10: 7
A11: 11 | B11: DI6 | C11: C2 | D11: 2 | E11: H:I | H11: Chromalux | I11: CB10 | J11: Elec V. | K11: ECS/HVAC | N11: 11 | O11: 8 | P11: 20 | Q11: IN 8 | R11: 11 | S11: 8 | T11: 11 | U11: 8 | X11: 8 | Y11: 8
A12: 12 | B12: DI8 | C12: C2 | D12: 3 | E12: H:I | H12: N/A | I12: F1 | J12: Gas P. | K12: Field Box 1 | N12: 12 | O12: 9 | P12: 21 | Q12: IN 9 | R12: 12 | S12: 9 | T12: 12 | U12: 9 | X12: 9 | Y12: 9
A13: 13 | B13: DO7 | C13: C2 | D13: 4 | E13: H:I | H13: N/A | I13: F2 | J13: ER - S/E | K13: Field Box 2 | N13: 13 | O13: 10 | P13: 22 | Q13: IN 10 | R13: 13 | S13: 10 | T13: 13 | U13: 10 | X13: 10 | Y13: 10
A14: 14 | B14: AI11 | C14: C2 | D14: 5 | E14: H:I | H14: N/A | I14: F3 | J14: ER - N/W | K14: Field Box 3 | N14: 14 | O14: 11 | P14: 23 | Q14: IN 11 | R14: 14 | S14: 11 | T14: 14 | U14: 11 | X14: 11 | Y14: 11
A15: 15 | B15: AI14 | C15: C2 | D15: 6 | E15: H:I | H15: N/A | I15: F4 | J15: GNC-S1 Box | K15: Field Box 4 | N15: 15 | O15: 12 | P15: 24 | Q15: IN 12 | R15: 15 | S15: 12 | T15: 15 | U15: 12 | X15: 12 | Y15: 12
A16: 16 | B16: AO6 | C16: C2 | D16: 7 | E16: H:I | H16: N/A | I16: F5 | J16: High Pressure GHe/GN2 | K16: Field Box 5 | N16: 16 | O16: 13 | P16: 25 | Q16: IN 13 | R16: 16 | S16: 13 | T16: 16 | U16: 13 | X16: 13 | Y16: 13
A17: 17 | B17: AO7 | C17: C2 | D17: 8 | E17: H:I | H17: N/A | I17: F6 | J17: Helium Pad | K17: Field Box 6 | N17: 17 | O17: 14 | P17: 26 | Q17: IN 14 | R17: 17 | S17: 14 | T17: 17 | U17: 14 | X17: 14 | Y17: 14
A18: 18 | B18: DI7 | C18: C3 | D18: 1 | E18: H:I | N18: 18 | O18: 15 | P18: 27 | Q18: IN 15 | R18: 18 | S18: 15 | T18: 18 | U18: 15 | X18: 15 | Y18: 15
A19: 19 | B19: DO6 | C19: C3 | D19: 2 | E19: H:I | N19: 20 | O19: 16 | P19: 11 | Q19: OUT 0 | T19: 20 | U19: 16
A20: 20 | B20: AI12 | C20: C3 | D20: 3 | E20: H:I | N20: 21 | O20: 17 | P20: 12 | Q20: OUT 1 | T20: 21 | U20: 17
A21: 21 | B21: AO5 | C21: C3 | D21: 4 | E21: H:I | N21: 22 | O21: 18 | P21: 13 | Q21: OUT 2 | T21: 22 | U21: 18
A22: 22 | B22: SPARE | C22: C3 | D22: 5 | E22: H:I | G22: Breakout | H22: Total Cards | I22: Current Req. | J22: Last number sent to MARS | K22: Plus Spare | L22: Cost | M22: Total Extra Cost | N22: 23 | O22: 19 | P22: 14 | Q22: OUT 3 | T22: 23 | U22: 19
A23: 23 | B23: SPARE | C23: C3 | D23: 6 | E23: H:I | G23: NI 9923 | H23: AI 9208 | I23: 17 | J23: 15 | K23: =I23-J23 -> 2 | L23: $1,450.00 | M23: $5,800.00 | N23: 24 | O23: 20 | P23: 15 | Q23: OUT 4 | T23: 24 | U23: 20
A24: 24 | B24: SPARE | C24: C3 | D24: 7 | E24: H:I | G24: NI 9923 | H24: AO 9266 | I24: 8 | J24: 6 | K24: =I24-J24 -> 2 | L24: $1,055.00 | M24: $2,110.00 | N24: 25 | O24: 21 | P24: 16 | Q24: OUT 5 | T24: 25 | U24: 21
A25: 25 | B25: SPARE | C25: C3 | D25: 8 | E25: H:I | G25: NI 9923 | H25: DI 9425 | I25: 10 | J25: 10 | K25: 1 | L25: $660.00 | M25: $2,640.00 | N25: 26 | O25: 22 | P25: 17 | Q25: OUT 6 | T25: 26 | U25: 22
A26: 26 | B26: DI1 | C26: N1 | D26: 2 | E26: H:I | G26: NI 9923 | H26: DO 9476 | I26: 7 | J26: 6 | K26: 1 | L26: $690.00 | M26: $690.00 | N26: 27 | O26: 23 | P26: 18 | Q26: OUT 7 | T26: 27 | U26: 23
A27: 27 | B27: RTD1 | C27: N1 | D27: 1 | E27: H:I | G27: NI 9923 | H27: RTD 9216 | I27: 7 | J27: 6 | K27: 1 | L27: $1,640.00 | M27: $3,280.00 | N27: 30 | O27: 24 | P27: 30 | Q27: OUT 8 | T27: 30 | U27: 24
A28: 28 | B28: DI9 | C28: N1 | D28: 3 | E28: H:I | H28: VI 9209 | I28: 0 | J28: 1 | K28: 1 | L28: $1,085.00 | M28: -$1,085.00 | N28: 31 | O28: 25 | P28: 31 | Q28: OUT 9 | T28: 31 | U28: 25
A29: 29 | B29: AI1 | C29: N1 | D29: 4 | E29: H:I | G29: NI 9923 | H29: DIO 9375 | I29: 4 | J29: 2 | K29: 1 | L29: $830.00 | M29: $0.00 | N29: 32 | O29: 26 | P29: 32 | Q29: OUT 10 | T29: 32 | U29: 26
A30: 30 | B30: AI2 | C30: N1 | D30: 5 | E30: H:I | G30: NI 9923 | H30: TC 9213 | I30: 1 | N30: 33 | O30: 27 | P30: 33 | Q30: OUT 11 | T30: 33 | U30: 27
A31: 31 | B31: AO1 | C31: N1 | D31: 6 | E31: H:I | H31: Total | I31: =I23+I24+I25+I26+I27+I28+I29+I30 -> 54 | J31: =SUM(J23:J30) -> 46 | M31: $15,150.00 | N31: 34 | O31: 28 | P31: 34 | Q31: OUT 12 | T31: 34 | U31: 28
A32: 32 | B32: AO2 | C32: N1 | D32: 7 | E32: H:I | H32: NI 9213 | I32: =SUM(I23:I30) -> 54 | J32: 1 | K32: 1 | L32: $1,975.00 | M32: $0.00 | N32: 35 | O32: 29 | P32: 35 | Q32: OUT 13 | T32: 35 | U32: 29
A33: 33 | B33: AO3 | C33: N1 | D33: 8 | E33: H:I | H33: Breakout 9923 | I33: =I31 -> 54 | N33: 36 | O33: 30 | P33: 36 | Q33: OUT 14 | T33: 36 | U33: 30
A34: 34 | B34: DI2 | C34: N2 | D34: 3 | E34: H:I | H34: Breakout 9940 | K34: 1 | L34: $245.00 | M34: $1,715.00 | N34: 37 | O34: 31 | P34: 37 | Q34: OUT 15 | T34: 37 | U34: 31
A35: 35 | B35: AI3 | C35: N2 | D35: 5 | E35: H:I
A36: 36 | B36: AI4 | C36: N2 | D36: 6 | E36: H:I
A37: 37 | B37: RTD2 | C37: N2 | D37: 1 | E37: H:I
A38: 38 | B38: AI15 | C38: N2 | D38: 7 | E38: H:I
A39: 39 | B39: DI10 | C39: N2 | D39: 4 | E39: H:I
A40: 40 | B40: AI16 | C40: N2 | D40: 8 | E40: H:I
A41: 41 | B41: RTD7 | C41: N2 | D41: 2 | E41: H:I | M41: Chassis | N41: Box Name | O41: Location | P41: Purpose
A42: 42 | B42: RTD3 | C42: N3 | D42: 1 | E42: H:I | M42: C1 | N42: CB1 | O42: Elec V. | P42: Master
A43: 43 | B43: DI3 | C43: N3 | D43: 2 | E43: H:I | M43: C2 | N43: CB8 | O43: LOx | P43: LOx Skid
A44: 44 | B44: AI5 | C44: N3 | D44: 3 | E44: H:I | M44: C3 | N44: CB7 | O44: RP1 (KERO) | P44: RP1 Skid
A45: 45 | B45: AI6 | C45: N3 | D45: 4 | E45: H:I | M45: N1 | N45: CB2 | O45: Elec V. | P45: Node 1
A46: 46 | B46: SPARE | C46: N3 | D46: 7 | E46: H:I | M46: N2 | N46: CB3 | O46: ER - S/W | P46: Node 2
A47: 47 | B47: SPARE | C47: N3 | D47: 8 | E47: H:I | M47: N3 | N47: CB4 | O47: ER - N/W | P47: Node 3
A48: 48 | B48: RTD4 | C48: N4 | D48: 1 | E48: H:I | M48: N4 | N48: CB5 | O48: ER - S.B. | P48: Node 4
A49: 49 | B49: RTD6 | C49: N4 | D49: 2 | E49: H:I | M49: N5 | N49: CB6 | O49: Equip V. | P49: Node 5 -
A50: 50 | B50: DI4 | C50: N4 | D50: 3 | E50: H:I | M50: N6 | N50: CB9 | O50: ER - HVBH | P50: Node 6 - HVBH
A51: 51 | B51: AI7 | C51: N4 | D51: 4 | E51: H:I | M51: Chromalux | N51: CB10 | O51: Elec V. | P51: ECS/HVAC
A52: 52 | B52: AI8 | C52: N4 | D52: 5 | E52: H:I | M52: N/A | N52: F1 | O52: Gas P. | P52: Field Box 1
... A57: 57 | B57: DO5 | C57: N5 | D57: 2 | E57: H:I | M57: N/A | N57: F6 | O57: Helium Pad | P57: Field Box 6
A58: 58 | B58: AI9 | C58: N5 | D58: 3 | E58: H:I
A59: 59 | B59: AI10 | C59: N5 | D59: 4 | E59: H:I
A60: 60 | B60: AO4 | C60: N5 | D60: 5 | E60: H:I
A61: 61 | B61: AO8 | C61: N5 | D61: 6 | E61: H:I
A62: 62 | B62: SPARE | C62: N5 | D62: 7 | E62: H:I
A63: 63 | B63: SPARE | C63: N5 | D63: 8 | E63: H:I
A64: 64 | B64: DIO2 | C64: N6 | D64: 1
A65: 65 | B65: AI13 | C65: N6 | D65: 2
A66: 66 | B66: TC01 | C66: N6 | D66: 3
A67: 67 | B67: SPARE | C67: N6 | D67: 4
A68: 68 | B68: Modbus Gateway - Fuel | C68: C3 | D68: NA
A69: 69 | B69: Serial Gateway | C69: C1 | D69: NA

Sheet REF - System & Subsystem
A1: System | C1: Subsystem | E1: Component | G1: Metric | I1: Location | J1: Box Name | K1: Chassis | L1: Interface cards | M1: IO Type | N1: Units | O1: Calibration Types | P1: Description | Q1: Failure Severity | R1: Launch Modes | S1: Mode Forcing Digital Values | T1: Commands
A2: Liquid Oxygen | B2: LOX | C2: Purge | D2: PRG | E2: RTD | F2: RTD | G2: Temperature | H2: Ts | I2: Strong Back | J2: CB1 | K2: LOX | L2: AI1 | M2: Analog Input (4-20mA, sinking) | N2: Celcius | O2: Polynomial | P2: coefficients | Q2: Low | R2: E-Stop | S2: TRUE | T2: SET-NUMERIC-IO
A3: Igniter | B3: IGN | C3: Methane | D3: CH4 | E3: Thermocouple | F3: TC | G3: Pressure | H3: Ps | I3: Kero Skid Control | J3: CB8 | K3: RP-1 | L3: AI2 | M3: Analog Output (4-20mA, sourcing) | N3: Kelvin | O3: Linear | P3: mx+C | Q3: Minor | R3: Idle | S3: FALSE | T3: SET-BOOLEAN-IO
A4: Hydraulics | B4: HYD | C4: Gas Oxygen | D4: GOX | E4: Discrete Valve | F4: DVL | G4: Proximity | H4: Px | I4: Kero ISO Panel | J4: CB7 | K4: C1 | L4: AI3 | M4: Digital Input (24V) | N4: kPa-G | O4: Mapped Range | P4: enter min & max helps produce mX+C automatically | Q4: major | R4: Checkout | S4: NA | T4: SET-BOOLEAN-VAR
A5: Gas Nitrogen | B5: GN2 | C5: Helium | D5: He | E5: Limit switch | F5: LS | G5: Contact | H5: Ct | I5: Kero ISO Area | J5: CB2 | K5: N1 | L5: AI4 | M5: Digital Output (24V) | N5: kPa-A | O5: Look up table | P5: series of mapped x & Y points | Q5: Catastrophic | R5: Remote | T5: SET-NUMERIC-VAR
A6: Purge | B6: PRG | C6: Storage | D6: STR | E6: Heater | F6: HTR | G6: Mass Flow Rate | H6: MFs | I6: Kero Cart | J6: CB3 | K6: N2 | L6: AI5 | M6: Modbus - Analog Input | N6: L/min | R6: V-Standby | T6: Igniter.Prime_S1_Umbi
A7: Anti-Geysering | B7: AG | C7: Stage 1 Umbilical | D7: S1U | E7: Motor | F7: MTR | G7: Distance | H7: Ds | I7: Kero Filter Skid | J7: CB4 | K7: N3 | L7: AI6 | M7: Modbus - Digital Input | N7: L/s | R7: V-Checks
A8: Engine purge | B8: EP | C8: Lift | D8: LFT | E8: VSD | F8: VSD | G8: Valve Position | H8: Pos | I8: North Vault | J8: CB5 | K8: N4 | L8: AI7 | M8: LAN | N8: mm | R8: Terminal
A9: Kero tank purge | B9: KTP | C9: Hold downs | D9: HD | E9: Pump | F9: PMP | G9: Bool | H9: B | I9: South Vault | J9: CB6 | K9: N5 | L9: AI8 | M9: RS-232 | N9: % Valve Rotation | R9: Prime
A10: Pad Control | B10: PC | C10: Hydraulic Power Unit | D10: HPU | E10: Pressure Sensor | F10: PRS | G10: Level | H10: LVL | I10: Erector Base | J10: CB9 | K10: N6 | L10: AI9 | M10: RS-485 | N10: % Spool Position | R10: Autosequence
A11: Water Deluge | B11: WD | C11: Sumps | D11: SMP | E11: Contactor | F11: CT | G11: Speed | H11: SPD | I11: LOX Skid | J11: F1 | K11: N7 | L11: AI10 | M11: 4-Wire RTD | N11: RPM | R11: Inhibit
A12: S2 Umbilical Jettison | B12: S2J | C12: Heating | D12: HT | E12: Flow Meter | F12: FM | G12: Inclination | H12: INCL | I12: South Gas Pad | J12: F2 | K12: Need Physical Layout | L12: DI1 | M12: TC Voltage (Type T) | N12: mmWG
A13: CO2 Fire Suppression | B13: CO2 | C13: Pre-Valve | D13: PRV | E13: Hygrometer | F13: HYG | G13: Water Content | H13: WC | I13: North Gas Pad | J13: F3 | K13: Kero Skid | L13: DI2 | M13: Serial | N13: Litres
A14: Gas Helium | B14: GHe | C14: Stage 1 | D14: S1 | E14: Auxiliary Contact | F14: AxCt | G14: Tanked Mass | H14: MS | I14: LOX Tank 1 | J14: F7 | L14: DI3 | N14: degrees
A15: HVAC | B15: HVAC | C15: Stage 2 | D15: S2 | E15: Proportional Valve | F15: PVL | G15: Proximity - Open | H15: PxO | I15: LOX Tank 2 | J15: F5 | L15: DI4 | N15: True/False
A16: Vehicle Helium Backup | B16: VHE | C16: Low Flow | D16: LF | E16: Pressure Switch | F16: PSW | G16: Proximity - Closed | H16: PxC | I16: LOX Dump | J16: F6 | L16: DI5 | N16: kg/S
A17: High Voltage Battery Heaters | B17: HVBH | C17: High Flow | D17: HF | E17: Linear Encoder | F17: LE | G17: Volumetric Flow Rate | H17: VFs | I17: Erector Ground South | J17: CB10 | L17: DI6 | N17: WA
A18: Payload Electrical Loom | B18: PLE | C18: Main | D18: MN | E18: Solid State Relay | F18: SSR | G18: Gas Vapor Warning | H18: GV | I18: Erector Ground North | J18: S2 | L18: DI7 | N18: PPM
A19: Vehicle LOX Tank pressure maintain | B19: VPM | C19: Backup | D19: BU | E19: Proximity Sensor | F19: PXS | G19: Proximity - Extended | H19: PxE | I19: S1 Umb Box | J19: PL | L19: DI8 | N19: kg
A20: Automatic Flight Termination System | B20: AFTS | C20: Power Pack | D20: PP | E20: Inclinometer | F20: INC | G20: Proximity - Retracted | H20: PxR | I20: FGSE Box | J20: F4 | L20: DI9 | N20: PSI-G
A21: Avionics Shore Power | B21: ASP | C21: Interstage 1 | D21: IS1 | E21: Controller | F21: CTL | G21: State | H21: ST | J21: IGN | L21: DI10 | N21: PSI-A
A22: Electron Fueling | B22: EF | C22: Interstage 2 | D22: IS2 | E22: Cut Out Circuit | F22: COT | G22: Current Draw | H22: CD | J22: FGSE | L22: DO1 | N22: Amp
A23: Pneumatics | B23: PNU | C23: Fairing | D23: FAR | E23: Shunt & Iso Amplifer | F23: AMP | G23: Mass | H23: Ms | L23: DO2 | N23: kg/m3
A24: Electron | B24: VEH | C24: Auxiliary | D24: AUX | E24: Level Sensor | F24: LEV | G24: Density | H24: Dn | L24: DO3 | N24: Percentage of the LEL
A25: Kero Fill | B25: KF | C25: Vapourizer | D25: VAP | E25: Solenoid | F25: SLD | G25: Oxygen Content (0-25%) | H25: Ox | L25: DO4 | N25: Percentage of Oxygen
A26: Mechanical | B26: MEC | C26: Line Chill | D26: LC | E26: Serial Converter | F26: SC | G26: Hydrocarbon content (0-100% of LEL) | H26: GLEL | L26: DO5 | N26: m/s
A27: Control Power | B27: CPWR | C27: Winch | D27: WCH | E27: Modbus Gateway | F27: MG | G27: Methane content (0-100% of LEL) | H27: MLEL | L27: DO6
A28: Positive Pressure System | B28: BP | C28: Safety | D28: SAF | E28: Fuse | F28: FX | G28: Water Activity | H28: WA | L28: DO7
A29: Fairing Umbilical | B29: FARU | C29: Flow Control | D29: FLC | E29: Electronic Valve | F29: EV | G29: Velocity | H29: Vs | L29: DO8
A30: Temperatures | B30: TMP | C30: S2 umbilical head | D30: S2H | E30: Soft Starter | F30: SS | L30: DO9
A31: Explosive Atmosphere Monitoring | B31: EXM | C31: Rain birds | D31: RB | E31: Flow Switch | F31: FS | L31: DO10
C32: Lift off detect | D32: LOD | E32: Electro-Pneumatic Regulator | F32: EREG | L32: AO1
C33: Kero ISO Panel | D33: KI | E33: Oxygen sensor | F33: OXS | L33: AO2
C34: Kero Cart | D34: KC | E34: LEL sensor | F34: LEL | L34: AO3
C35: Halo ring | D35: HR | E35: Safety Relay | F35: SAFTEY-RELAY | L35: AO4
C36: Flame Trench Curtain | D36: FTC | E36: Power Supply | F36: PSU | L36: AO5
C37: Lox Skid 1 | D37: LS1 | L37: AO6
C38: Stage 2 Umbilical | D38: S2U | L38: AO7
C39: Current Draw | D39: CD | L39: AO8
C40: Heater Select Enable | D40: HSE | L40: AO9
C41: Temperature Feedback | D41: TF | L41: AO10
C42: Fan Select Enable | D42: FSE | L42: DIO1
C43: Hold Down Locks | D43: HDL | L43: DIO2
C44: Clamp | D44: CL | L44: Kero Skid Modbus Gateway
C45: Current Overload | D45: OL | L45: TC01
C46: Reset | D46: RST
C47: BLANK
C48: Lox Skid 2 | D48: LS2
C49: LOX Tank 1 | D49: LT1
C50: LOX Tank 2 | D50: LT2
C51: LOX Ground | D51: LG
C52: LOX Dump | D52: LD
C53: Kero Skid | D53: KS
C54: Line Chill Stage 1 | D54: LC1
C55: Line Chill Interstage 1 | D55: LC2.1
C56: Line Chill Interstage 2 | D56: LC2.2
C57: Line Chill Fairing | D57: LCF
C58: LO2 S1 | D58: LX1
C59: IGN | D59: IGN
... C76: Grid | D76: GRID

Sheet FGSE LC-2 BOM
D1: =HYPERLINK("https://docs.google.com/spreadsheets/d/1zGeY54V42y3h6ga3LEauokEcjIAfHuNXKCYKLfLWtMI/edit?usp=sharing","LINK TO LATEST FGSE BOM") -> LINK TO LATEST FGSE BOM

Sheet Hydraulics BOM
A2: This spreadsheet is linked to the received Hyspecs document. If this the original is changed, this will change.
A3: =HYPERLINK("https://docs.google.com/spreadsheets/d/1gigmIkgTiJKH46B0c-e3jZtzWCvd3-KowWHIdyxMdS8/edit?usp=sharing","LINK TO BOM") -> LINK TO BOM
A4: =IFERROR(__xludf.DUMMYFUNCTION("IMPORTRANGE(""https://docs.google.com/spreadsheets/d/1gigmIkgTiJKH46B0c-e3jZtzWCvd3-KowWHIdyxMdS8/edit#gid=2023158881"",""sheet1!B1:Z1000"")"),"COMPONENT ID") -> COMPONENT ID | B4: =IFERROR(__xludf.DUMMYFUNCTION("""COMPUTED_VALUE"""),"TYPE") -> TYPE | C4: =IFERROR(__xludf.DUMMYFUNCTION("""COMPUTED_VALUE"""),"FUNCTION / DESCRIPTION") -> FUNCTION / DESCRIPTION | D4: =IFERROR(__xludf.DUMMYFUNCTION("""COMPUTED_VALUE"""),"POWER / SUPPLY") -> POWER / SUPPLY | E4: =IFERROR(__xludf.DUMMYFUNCTION("""COMPUTED_VALUE"""),"OUTPUT / FEEDBACK ") -> OUTPUT / FEEDBACK | F4: =IFERROR(__xludf.DUMMYFUNCTION("""COMPUTED_VALUE"""),"INPUT / CONTROL") -> INPUT / CONTROL | G4: =IFERROR(__xludf.DUMMYFUNCTION("""COMPUTED_VALUE"""),"PART NUMBER") -> PART NUMBER | H4: =IFERROR(__xludf.DUMMYFUNCTION("""COMPUTED_VALUE"""),"BOM #") -> BOM # | I4: =IFERROR(__xludf.DUMMYFUNCTION("""COMPUTED_VALUE"""),"ELECTRICAL CONNECTION TYPE") -> ELECTRICAL CONNECTION TYPE | J4: =IFERROR(__xludf.DUMMYFUNCTION("""COMPUTED_VALUE"""),"") | K4: =IFERROR(__xludf.DUMMYFUNCTION("""COMPUTED_VALUE"""),"") | L4: =IFERROR(__xludf.DUMMYFUNCTION("""COMPUTED_VALUE"""),"") | M4: =IFERROR(__xludf.DUMMYFUNCTION("""COMPUTED_VALUE"""),"") | N4: =IFERROR(__xludf.DUMMYFUNCTION("""COMPUTED_VALUE"""),"") | O4: =IFERROR(__xludf.DUMMYFUNCTION("""COMPUTED_VALUE"""),"") | P4: =IFERROR(__xludf.DUMMYFUNCTION("""COMPUTED_VALUE"""),"") | Q4: =IFERROR(__xludf.DUMMYFUNCTION("""COMPUTED_VALUE"""),"") | ... Y4: =IFERROR(__xludf.DUMMYFUNCTION("""COMPUTED_VALUE"""),"")
A5: =IFERROR(__xludf.DUMMYFUNCTION("""COMPUTED_VALUE"""),"Test") -> Test | B5: =IFERROR(__xludf.DUMMYFUNCTION("""COMPUTED_VALUE"""),"HPU") -> HPU | C5: =IFERROR(__xludf.DUMMYFUNCTION("""COMPUTED_VALUE"""),"") | D5: =IFERROR(__xludf.DUMMYFUNCTION("""COMPUTED_VALUE"""),"") | E5: =IFERROR(__xludf.DUMMYFUNCTION("""COMPUTED_VALUE"""),"") | F5: =IFERROR(__xludf.DUMMYFUNCTION("""COMPUTED_VALUE"""),"") | G5: =IFERROR(__xludf.DUMMYFUNCTION("""COMPUTED_VALUE"""),"") | H5: =IFERROR(__xludf.DUMMYFUNCTION("""COMPUTED_VALUE"""),"") | I5: =IFERROR(__xludf.DUMMYFUNCTION("""COMPUTED_VALUE"""),"") | J5: =IFERROR(__xludf.DUMMYFUNCTION("""COMPUTED_VALUE"""),"") | ... Y5: =IFERROR(__xludf.DUMMYFUNCTION("""COMPUTED_VALUE"""),"")
A6: =IFERROR(__xludf.DUMMYFUNCTION("""COMPUTED_VALUE"""),"M1") -> M1 | B6: =IFERROR(__xludf.DUMMYFUNCTION("""COMPUTED_VALUE"""),"ELECTRIC MOTOR") -> ELECTRIC MOTOR | C6: =IFERROR(__xludf.DUMMYFUNCTION("""COMPUTED_VALUE"""),"TILT CIRCUIT ELECTRIC MOTOR (15KW)") -> TILT CIRCUIT ELECTRIC MOTOR (15KW) | D6: =IFERROR(__xludf.DUMMYFUNCTION("""COMPUTED_VALUE"""),"") | E6: =IFERROR(__xludf.DUMMYFUNCTION("""COMPUTED_VALUE"""),"") | F6: =IFERROR(__xludf.DUMMYFUNCTION("""COMPUTED_VALUE"""),"") | G6: =IFERROR(__xludf.DUMMYFUNCTION("""COMPUTED_VALUE"""),"") | H6: =IFERROR(__xludf.DUMMYFUNCTION("""COMPUTED_VALUE"""),2) -> 2 | I6: =IFERROR(__xludf.DUMMYFUNCTION("""COMPUTED_VALUE"""),"WIRING TO TERMINAL BOX") -> WIRING TO TERMINAL BOX | J6: =IFERROR(__xludf.DUMMYFUNCTION("""COMPUTED_VALUE"""),"") | K6: =IFERROR(__xludf.DUMMYFUNCTION("""COMPUTED_VALUE"""),"") | L6: =IFERROR(__xludf.DUMMYFUNCTION("""COMPUTED_VALUE"""),"") | M6: =IFERROR(__xludf.DUMMYFUNCTION("""COMPUTED_VALUE"""),"") | N6: =IFERROR(__xludf.DUMMYFUNCTION("""COMPUTED_VALUE"""),"") | O6: =IFERROR(__xludf.DUMMYFUNCTION("""COMPUTED_VALUE"""),"") | P6: =IFERROR(__xludf.DUMMYFUNCTION("""COMPUTED_VALUE"""),"") | Q6: =IFERROR(__xludf.DUMMYFUNCTION("""COMPUTED_VALUE"""),"") | ... Y6: =IFERROR(__xludf.DUMMYFUNCTION("""COMPUTED_VALUE"""),"")
A7: =IFERROR(__xludf.DUMMYFUNCTION("""COMPUTED_VALUE"""),"M2") -> M2 | B7: =IFERROR(__xludf.DUMMYFUNCTION("""COMPUTED_VALUE"""),"ELECTRIC MOTOR") -> ELECTRIC MOTOR | C7: =IFERROR(__xludf.DUMMYFUNCTION("""COMPUTED_VALUE"""),"HOLD DOWN CIRCUIT ELECTRIC MOTOR (15KW)") -> HOLD DOWN CIRCUIT ELECTRIC MOTOR (15KW) | D7: =IFERROR(__xludf.DUMMYFUNCTION("""COMPUTED_VALUE"""),"") | E7: =IFERROR(__xludf.DUMMYFUNCTION("""COMPUTED_VALUE"""),"") | F7: =IFERROR(__xludf.DUMMYFUNCTION("""COMPUTED_VALUE"""),"") | G7: =IFERROR(__xludf.DUMMYFUNCTION("""COMPUTED_VALUE"""),"") | H7: =IFERROR(__xludf.DUMMYFUNCTION("""COMPUTED_VALUE"""),2) -> 2 | I7: =IFERROR(__xludf.DUMMYFUNCTION("""COMPUTED_VALUE"""),"WIRING TO TERMINAL BOX") -> WIRING TO TERMINAL BOX | J7: =IFERROR(__xludf.DUMMYFUNCTION("""COMPUTED_VALUE"""),"") | K7: =IFERROR(__xludf.DUMMYFUNCTION("""COMPUTED_VALUE"""),"") | L7: =IFERROR(__xludf.DUMMYFUNCTION("""COMPUTED_VALUE"""),"") | M7: =IFERROR(__xludf.DUMMYFUNCTION("""COMPUTED_VALUE"""),"") | N7: =IFERROR(__xludf.DUMMYFUNCTION("""COMPUTED_VALUE"""),"") | O7: =IFERROR(__xludf.DUMMYFUNCTION("""COMPUTED_VALUE"""),"") | P7: =IFERROR(__xludf.DUMMYFUNCTION("""COMPUTED_VALUE"""),"") | Q7: =IFERROR(__xludf.DUMMYFUNCTION("""COMPUTED_VALUE"""),"") | ... Y7: =IFERROR(__xludf.DUMMYFUNCTION("""COMPUTED_VALUE"""),"")
A8: =IFERROR(__xludf.DUMMYFUNCTION("""COMPUTED_VALUE"""),"M3") -> M3 | B8: =IFERROR(__xludf.DUMMYFUNCTION("""COMPUTED_VALUE"""),"ELECTRIC MOTOR") -> ELECTRIC MOTOR | C8: =IFERROR(__xludf.DUMMYFUNCTION("""COMPUTED_VALUE"""),"OIL CIRCULATION ELECTRIC MOTOR (1.1KW)") -> OIL CIRCULATION ELECTRIC MOTOR (1.1KW) | D8: =IFERROR(__xludf.DUMMYFUNCTION("""COMPUTED_VALUE"""),"") | E8: =IFERROR(__xludf.DUMMYFUNCTION("""COMPUTED_VALUE"""),"") | F8: =IFERROR(__xludf.DUMMYFUNCTION("""COMPUTED_VALUE"""),"") | G8: =IFERROR(__xludf.DUMMYFUNCTION("""COMPUTED_VALUE"""),"") | H8: =IFERROR(__xludf.DUMMYFUNCTION("""COMPUTED_VALUE"""),"") | I8: =IFERROR(__xludf.DUMMYFUNCTION("""COMPUTED_VALUE"""),"WIRING TO TERMINAL BOX") -> WIRING TO TERMINAL BOX | J8: =IFERROR(__xludf.DUMMYFUNCTION("""COMPUTED_VALUE"""),"") | K8: =IFERROR(__xludf.DUMMYFUNCTION("""COMPUTED_VALUE"""),"") | L8: =IFERROR(__xludf.DUMMYFUNCTION("""COMPUTED_VALUE"""),"") | M8: =IFERROR(__xludf.DUMMYFUNCTION("""COMPUTED_VALUE"""),"") | N8: =IFERROR(__xludf.DUMMYFUNCTION("""COMPUTED_VALUE"""),"") | O8: =IFERROR(__xludf.DUMMYFUNCTION("""COMPUTED_VALUE"""),"") | P8: =IFERROR(__xludf.DUMMYFUNCTION("""COMPUTED_VALUE"""),"") | Q8: =IFERROR(__xludf.DUMMYFUNCTION("""COMPUTED_VALUE"""),"") | ... Y8: =IFERROR(__xludf.DUMMYFUNCTION("""COMPUTED_VALUE"""),"")
A9: =IFERROR(__xludf.DUMMYFUNCTION("""COMPUTED_VALUE"""),"PT-1") -> PT-1 | B9: =IFERROR(__xludf.DUMMYFUNCTION("""COMPUTED_VALUE"""),"PRESSURE TRANSDUCER (0-400 BAR)") -> PRESSURE TRANSDUCER (0-400 BAR) | C9: =IFERROR(__xludf.DUMMYFUNCTION("""COMPUTED_VALUE"""),"HPU PRESSURE SENSOR FOR TILT CIRCUIT SUPPLY") -> HPU PRESSURE SENSOR FOR TILT CIRCUIT SUPPLY | D9: =IFERROR(__xludf.DUMMYFUNCTION("""COMPUTED_VALUE"""),"24VDC") -> 24VDC | E9: =IFERROR(__xludf.DUMMYFUNCTION("""COMPUTED_VALUE"""),"4..20mA") -> 4..20mA | F9: =IFERROR(__xludf.DUMMYFUNCTION("""COMPUTED_VALUE"""),"NA") -> NA | G9: =IFERROR(__xludf.DUMMYFUNCTION("""COMPUTED_VALUE"""),"PT5400") -> PT5400 | H9: =IFERROR(__xludf.DUMMYFUNCTION("""COMPUTED_VALUE"""),24) -> 24 | I9: =IFERROR(__xludf.DUMMYFUNCTION("""COMPUTED_VALUE"""),"M12") -> M12 | J9: =IFERROR(__xludf.DUMMYFUNCTION("""COMPUTED_VALUE"""),"") | K9: =IFERROR(__xludf.DUMMYFUNCTION("""COMPUTED_VALUE"""),"") | L9: =IFERROR(__xludf.DUMMYFUNCTION("""COMPUTED_VALUE"""),"") | M9: =IFERROR(__xludf.DUMMYFUNCTION("""COMPUTED_VALUE"""),"") | N9: =IFERROR(__xludf.DUMMYFUNCTION("""COMPUTED_VALUE"""),"") | O9: =IFERROR(__xludf.DUMMYFUNCTION("""COMPUTED_VALUE"""),"") | P9: =IFERROR(__xludf.DUMMYFUNCTION("""COMPUTED_VALUE"""),"") | Q9: =IFERROR(__xludf.DUMMYFUNCTION("""COMPUTED_VALUE"""),"") | ... Y9: =IFERROR(__xludf.DUMMYFUNCTION("""COMPUTED_VALUE"""),"")
A10: =IFERROR(__xludf.DUMMYFUNCTION("""COMPUTED_VALUE"""),"PT-2") -> PT-2 | B10: =IFERROR(__xludf.DUMMYFUNCTION("""COMPUTED_VALUE"""),"PRESSURE TRANSDUCER (0-400 BAR)") -> PRESSURE TRANSDUCER (0-400 BAR) | C10: =IFERROR(__xludf.DUMMYFUNCTION("""COMPUTED_VALUE"""),"HPU PRESSURE SENSOR FOR HD CIRCUIT SUPPLY ") -> HPU PRESSURE SENSOR FOR HD CIRCUIT SUPPLY | D10: =IFERROR(__xludf.DUMMYFUNCTION("""COMPUTED_VALUE"""),"24VDC") -> 24VDC | E10: =IFERROR(__xludf.DUMMYFUNCTION("""COMPUTED_VALUE"""),"4..20mA") -> 4..20mA | F10: =IFERROR(__xludf.DUMMYFUNCTION("""COMPUTED_VALUE"""),"NA") -> NA | G10: =IFERROR(__xludf.DUMMYFUNCTION("""COMPUTED_VALUE"""),"PT5400") -> PT5400 | H10: =IFERROR(__xludf.DUMMYFUNCTION("""COMPUTED_VALUE"""),24) -> 24 | I10: =IFERROR(__xludf.DUMMYFUNCTION("""COMPUTED_VALUE"""),"M12") -> M12 | J10: =IFERROR(__xludf.DUMMYFUNCTION("""COMPUTED_VALUE"""),"") | K10: =IFERROR(__xludf.DUMMYFUNCTION("""COMPUTED_VALUE"""),"") | L10: =IFERROR(__xludf.DUMMYFUNCTION("""COMPUTED_VALUE"""),"") | M10: =IFERROR(__xludf.DUMMYFUNCTION("""COMPUTED_VALUE"""),"") | N10: =IFERROR(__xludf.DUMMYFUNCTION("""COMPUTED_VALUE"""),"") | O10: =IFERROR(__xludf.DUMMYFUNCTION("""COMPUTED_VALUE"""),"") | P10: =IFERROR(__xludf.DUMMYFUNCTION("""COMPUTED_VALUE"""),"") | Q10: =IFERROR(__xludf.DUMMYFUNCTION("""COMPUTED_VALUE"""),"") | ... Y10: =IFERROR(__xludf.DUMMYFUNCTION("""COMPUTED_VALUE"""),"")
A11: =IFERROR(__xludf.DUMMYFUNCTION("""COMPUTED_VALUE"""),"S1") -> S1 | B11: =IFERROR(__xludf.DUMMYFUNCTION("""COMPUTED_VALUE"""),"ON/OFF SOLENOID VALVE") -> ON/OFF SOLENOID VALVE | C11: =IFERROR(__xludf.DUMMYFUNCTION("""COMPUTED_VALUE"""),"ISOLATION VALVE FOR TILT CIRCUIT PUMP FAILURE") -> ISOLATION VALVE FOR TILT CIRCUIT PUMP FAILURE | D11: =IFERROR(__xludf.DUMMYFUNCTION("""COMPUTED_VALUE"""),"24VDC 20W") -> 24VDC 20W | E11: =IFERROR(__xludf.DUMMYFUNCTION("""COMPUTED_VALUE"""),"NA") -> NA | F11: =IFERROR(__xludf.DUMMYFUNCTION("""COMPUTED_VALUE"""),"NA") -> NA | G11: =IFERROR(__xludf.DUMMYFUNCTION("""COMPUTED_VALUE"""),"HSV10-23-0-U-0") -> HSV10-23-0-U-0 | H11: =IFERROR(__xludf.DUMMYFUNCTION("""COMPUTED_VALUE"""),20) -> 20 | I11: =IFERROR(__xludf.DUMMYFUNCTION("""COMPUTED_VALUE"""),"DEUTSCH DTO4-2P (CONNECTOR INCLUDED)") -> DEUTSCH DTO4-2P (CONNECTOR INCLUDED) | J11: =IFERROR(__xludf.DUMMYFUNCTION("""COMPUTED_VALUE"""),"") | K11: =IFERROR(__xludf.DUMMYFUNCTION("""COMPUTED_VALUE"""),"") | L11: =IFERROR(__xludf.DUMMYFUNCTION("""COMPUTED_VALUE"""),"") | M11: =IFERROR(__xludf.DUMMYFUNCTION("""COMPUTED_VALUE"""),"") | N11: =IFERROR(__xludf.DUMMYFUNCTION("""COMPUTED_VALUE"""),"") | O11: =IFERROR(__xludf.DUMMYFUNCTION("""COMPUTED_VALUE"""),"") | P11: =IFERROR(__xludf.DUMMYFUNCTION("""COMPUTED_VALUE"""),"") | Q11: =IFERROR(__xludf.DUMMYFUNCTION("""COMPUTED_VALUE"""),"") | ... Y11: =IFERROR(__xludf.DUMMYFUNCTION("""COMPUTED_VALUE"""),"")
A12: =IFERROR(__xludf.DUMMYFUNCTION("""COMPUTED_VALUE"""),"S2") -> S2 | B12: =IFERROR(__xludf.DUMMYFUNCTION("""COMPUTED_VALUE"""),"ON/OFF SOLENOID VALVE") -> ON/OFF SOLENOID VALVE | C12: =IFERROR(__xludf.DUMMYFUNCTION("""COMPUTED_VALUE"""),"CIRCUIT JOINING VALVE FOR EITHER PUMP FAILURE") -> CIRCUIT JOINING VALVE FOR EITHER PUMP FAILURE | D12: =IFERROR(__xludf.DUMMYFUNCTION("""COMPUTED_VALUE"""),"24VDC 20W") -> 24VDC 20W | E12: =IFERROR(__xludf.DUMMYFUNCTION("""COMPUTED_VALUE"""),"NA") -> NA | F12: =IFERROR(__xludf.DUMMYFUNCTION("""COMPUTED_VALUE"""),"NA") -> NA | G12: =IFERROR(__xludf.DUMMYFUNCTION("""COMPUTED_VALUE"""),"HSV10-28-0-U-0") -> HSV10-28-0-U-0 | H12: =IFERROR(__xludf.DUMMYFUNCTION("""COMPUTED_VALUE"""),21) -> 21 | I12: =IFERROR(__xludf.DUMMYFUNCTION("""COMPUTED_VALUE"""),"DEUTSCH DTO4-2P (CONNECTOR INCLUDED)") -> DEUTSCH DTO4-2P (CONNECTOR INCLUDED) | J12: =IFERROR(__xludf.DUMMYFUNCTION("""COMPUTED_VALUE"""),"") | K12: =IFERROR(__xludf.DUMMYFUNCTION("""COMPUTED_VALUE"""),"") | L12: =IFERROR(__xludf.DUMMYFUNCTION("""COMPUTED_VALUE"""),"") | M12: =IFERROR(__xludf.DUMMYFUNCTION("""COMPUTED_VALUE"""),"") | N12: =IFERROR(__xludf.DUMMYFUNCTION("""COMPUTED_VALUE"""),"") | O12: =IFERROR(__xludf.DUMMYFUNCTION("""COMPUTED_VALUE"""),"") | P12: =IFERROR(__xludf.DUMMYFUNCTION("""COMPUTED_VALUE"""),"") | Q12: =IFERROR(__xludf.DUMMYFUNCTION("""COMPUTED_VALUE"""),"") | ... Y12: =IFERROR(__xludf.DUMMYFUNCTION("""COMPUTED_VALUE"""),"")
A13: =IFERROR(__xludf.DUMMYFUNCTION("""COMPUTED_VALUE"""),"S3") -> S3 | B13: =IFERROR(__xludf.DUMMYFUNCTION("""COMPUTED_VALUE"""),"ON/OFF SOLENOID VALVE") -> ON/OFF SOLENOID VALVE | C13: =IFERROR(__xludf.DUMMYFUNCTION("""COMPUTED_VALUE"""),"ISOLATION VALVE HOR HOLD DOWN PUMP FAILURE") -> ISOLATION VALVE HOR HOLD DOWN PUMP FAILURE | D13: =IFERROR(__xludf.DUMMYFUNCTION("""COMPUTED_VALUE"""),"24VDC 20W") -> 24VDC 20W | E13: =IFERROR(__xludf.DUMMYFUNCTION("""COMPUTED_VALUE"""),"NA") -> NA | F13: =IFERROR(__xludf.DUMMYFUNCTION("""COMPUTED_VALUE"""),"NA") -> NA | G13: =IFERROR(__xludf.DUMMYFUNCTION("""COMPUTED_VALUE"""),"HSV10-23-0-U-0") -> HSV10-23-0-U-0 | H13: =IFERROR(__xludf.DUMMYFUNCTION("""COMPUTED_VALUE"""),20) -> 20 | I13: =IFERROR(__xludf.DUMMYFUNCTION("""COMPUTED_VALUE"""),"DEUTSCH DTO4-2P (CONNECTOR INCLUDED)") -> DEUTSCH DTO4-2P (CONNECTOR INCLUDED) | J13: =IFERROR(__xludf.DUMMYFUNCTION("""COMPUTED_VALUE"""),"") | K13: =IFERROR(__xludf.DUMMYFUNCTION("""COMPUTED_VALUE"""),"") | L13: =IFERROR(__xludf.DUMMYFUNCTION("""COMPUTED_VALUE"""),"") | M13: =IFERROR(__xludf.DUMMYFUNCTION("""COMPUTED_VALUE"""),"") | N13: =IFERROR(__xludf.DUMMYFUNCTION("""COMPUTED_VALUE"""),"") | O13: =IFERROR(__xludf.DUMMYFUNCTION("""COMPUTED_VALUE"""),"") | P13: =IFERROR(__xludf.DUMMYFUNCTION("""COMPUTED_VALUE"""),"") | Q13: =IFERROR(__xludf.DUMMYFUNCTION("""COMPUTED_VALUE"""),"") | ... Y13: =IFERROR(__xludf.DUMMYFUNCTION("""COMPUTED_VALUE"""),"")
A14: =IFERROR(__xludf.DUMMYFUNCTION("""COMPUTED_VALUE"""),"S4") -> S4 | B14: =IFERROR(__xludf.DUMMYFUNCTION("""COMPUTED_VALUE"""),"ON/OFF SOLENOID VALVE") -> ON/OFF SOLENOID VALVE | C14: =IFERROR(__xludf.DUMMYFUNCTION("""COMPUTED_VALUE"""),"BYPASS VALVE FOR PRESSURE TESTING HD CIRCUIT") -> BYPASS VALVE FOR PRESSURE TESTING HD CIRCUIT | D14: =IFERROR(__xludf.DUMMYFUNCTION("""COMPUTED_VALUE"""),"24VDC 20W") -> 24VDC 20W | E14: =IFERROR(__xludf.DUMMYFUNCTION("""COMPUTED_VALUE"""),"NA") -> NA | F14: =IFERROR(__xludf.DUMMYFUNCTION("""COMPUTED_VALUE"""),"NA") -> NA | G14: =IFERROR(__xludf.DUMMYFUNCTION("""COMPUTED_VALUE"""),"HSV10-28-0-U-0") -> HSV10-28-0-U-0 | H14: =IFERROR(__xludf.DUMMYFUNCTION("""COMPUTED_VALUE"""),21) -> 21 | I14: =IFERROR(__xludf.DUMMYFUNCTION("""COMPUTED_VALUE"""),"DEUTSCH DTO4-2P (CONNECTOR INCLUDED)") -> DEUTSCH DTO4-2P (CONNECTOR INCLUDED) | J14: =IFERROR(__xludf.DUMMYFUNCTION("""COMPUTED_VALUE"""),"") | K14: =IFERROR(__xludf.DUMMYFUNCTION("""COMPUTED_VALUE"""),"") | L14: =IFERROR(__xludf.DUMMYFUNCTION("""COMPUTED_VALUE"""),"") | M14: =IFERROR(__xludf.DUMMYFUNCTION("""COMPUTED_VALUE"""),"") | N14: =IFERROR(__xludf.DUMMYFUNCTION("""COMPUTED_VALUE"""),"") | O14: =IFERROR(__xludf.DUMMYFUNCTION("""COMPUTED_VALUE"""),"") | P14: =IFERROR(__xludf.DUMMYFUNCTION("""COMPUTED_VALUE"""),"") | Q14: =IFERROR(__xludf.DUMMYFUNCTION("""COMPUTED_VALUE"""),"") | ... Y14: =IFERROR(__xludf.DUMMYFUNCTION("""COMPUTED_VALUE"""),"")
A15: =IFERROR(__xludf.DUMMYFUNCTION("""COMPUTED_VALUE"""),"S5") -> S5 | B15: =IFERROR(__xludf.DUMMYFUNCTION("""COMPUTED_VALUE"""),"PROPORTIONAL RELIEF VALVE (0-250 BAR)") -> PROPORTIONAL RELIEF VALVE (0-250 BAR) | C15: =IFERROR(__xludf.DUMMYFUNCTION("""COMPUTED_VALUE"""),"PROPORTIONAL PRESSURE CONTROL OF TILT CIRCUIT PUMP") -> PROPORTIONAL PRESSURE CONTROL OF TILT CIRCUIT PUMP | D15: =IFERROR(__xludf.DUMMYFUNCTION("""COMPUTED_VALUE"""),"24VDC 40W") -> 24VDC 40W | E15: =IFERROR(__xludf.DUMMYFUNCTION("""COMPUTED_VALUE"""),"NA") -> NA | F15: =IFERROR(__xludf.DUMMYFUNCTION("""COMPUTED_VALUE"""),"4..20mA") -> 4..20mA | G15: =IFERROR(__xludf.DUMMYFUNCTION("""COMPUTED_VALUE"""),"02-352751") -> 02-352751 | H15: =IFERROR(__xludf.DUMMYFUNCTION("""COMPUTED_VALUE"""),23) -> 23 | I15: =IFERROR(__xludf.DUMMYFUNCTION("""COMPUTED_VALUE"""),"INDUSTRIAL 7 PIN PLUG (CONNECTOR INCLUDED)") -> INDUSTRIAL 7 PIN PLUG (CONNECTOR INCLUDED) | J15: =IFERROR(__xludf.DUMMYFUNCTION("""COMPUTED_VALUE"""),"") | K15: =IFERROR(__xludf.DUMMYFUNCTION("""COMPUTED_VALUE"""),"") | L15: =IFERROR(__xludf.DUMMYFUNCTION("""COMPUTED_VALUE"""),"") | M15: =IFERROR(__xludf.DUMMYFUNCTION("""COMPUTED_VALUE"""),"") | N15: =IFERROR(__xludf.DUMMYFUNCTION("""COMPUTED_VALUE"""),"") | O15: =IFERROR(__xludf.DUMMYFUNCTION("""COMPUTED_VALUE"""),"") | P15: =IFERROR(__xludf.DUMMYFUNCTION("""COMPUTED_VALUE"""),"") | Q15: =IFERROR(__xludf.DUMMYFUNCTION("""COMPUTED_VALUE"""),"") | ... Y15: =IFERROR(__xludf.DUMMYFUNCTION("""COMPUTED_VALUE"""),"")
A16: =IFERROR(__xludf.DUMMYFUNCTION("""COMPUTED_VALUE"""),"S6") -> S6 | B16: =IFERROR(__xludf.DUMMYFUNCTION("""COMPUTED_VALUE"""),"PROPORTIONAL RELIEF VALVE (0-250 BAR)") -> PROPORTIONAL RELIEF VALVE (0-250 BAR) | C16: =IFERROR(__xludf.DUMMYFUNCTION("""COMPUTED_VALUE"""),"PROPORTIONAL PRESSURE CONTROL OF HD CIRCUIT PUMP") -> PROPORTIONAL PRESSURE CONTROL OF HD CIRCUIT PUMP | D16: =IFERROR(__xludf.DUMMYFUNCTION("""COMPUTED_VALUE"""),"24VDC 40W") -> 24VDC 40W | E16: =IFERROR(__xludf.DUMMYFUNCTION("""COMPUTED_VALUE"""),"NA") -> NA | F16: =IFERROR(__xludf.DUMMYFUNCTION("""COMPUTED_VALUE"""),"4..20mA") -> 4..20mA | G16: =IFERROR(__xludf.DUMMYFUNCTION("""COMPUTED_VALUE"""),"02-352751") -> 02-352751 | H16: =IFERROR(__xludf.DUMMYFUNCTION("""COMPUTED_VALUE"""),23) -> 23 | I16: =IFERROR(__xludf.DUMMYFUNCTION("""COMPUTED_VALUE"""),"INDUSTRIAL 7 PIN PLUG (CONNECTOR INCLUDED)") -> INDUSTRIAL 7 PIN PLUG (CONNECTOR INCLUDED) | J16: =IFERROR(__xludf.DUMMYFUNCTION("""COMPUTED_VALUE"""),"") | K16: =IFERROR(__xludf.DUMMYFUNCTION("""COMPUTED_VALUE"""),"") | L16: =IFERROR(__xludf.DUMMYFUNCTION("""COMPUTED_VALUE"""),"") | M16: =IFERROR(__xludf.DUMMYFUNCTION("""COMPUTED_VALUE"""),"") | N16: =IFERROR(__xludf.DUMMYFUNCTION("""COMPUTED_VALUE"""),"") | O16: =IFERROR(__xludf.DUMMYFUNCTION("""COMPUTED_VALUE"""),"") | P16: =IFERROR(__xludf.DUMMYFUNCTION("""COMPUTED_VALUE"""),"") | Q16: =IFERROR(__xludf.DUMMYFUNCTION("""COMPUTED_VALUE"""),"") | ... Y16: =IFERROR(__xludf.DUMMYFUNCTION("""COMPUTED_VALUE"""),"")
A17: =IFERROR(__xludf.DUMMYFUNCTION("""COMPUTED_VALUE"""),"F1") -> F1 | B17: =IFERROR(__xludf.DUMMYFUNCTION("""COMPUTED_VALUE"""),"PRESSURE SWITCH ") -> PRESSURE SWITCH | C17: =IFERROR(__xludf.DUMMYFUNCTION("""COMPUTED_VALUE"""),"FILTER CLOGGING INDICATOR FOR TILT CIRCUIT HPU") -> FILTER CLOGGING INDICATOR FOR TILT CIRCUIT HPU | D17: =IFERROR(__xludf.DUMMYFUNCTION("""COMPUTED_VALUE"""),"24VDC NO/NC") -> 24VDC NO/NC | E17: =IFERROR(__xludf.DUMMYFUNCTION("""COMPUTED_VALUE"""),"NA") -> NA | F17: =IFERROR(__xludf.DUMMYFUNCTION("""COMPUTED_VALUE"""),"NA") -> NA | G17: =IFERROR(__xludf.DUMMYFUNCTION("""COMPUTED_VALUE"""),328207) -> 328207 | H17: =IFERROR(__xludf.DUMMYFUNCTION("""COMPUTED_VALUE"""),15) -> 15 | I17: =IFERROR(__xludf.DUMMYFUNCTION("""COMPUTED_VALUE"""),"DIN PLUG (CONNECTOR INCLUDED)") -> DIN PLUG (CONNECTOR INCLUDED) | J17: =IFERROR(__xludf.DUMMYFUNCTION("""COMPUTED_VALUE"""),"") | K17: =IFERROR(__xludf.DUMMYFUNCTION("""COMPUTED_VALUE"""),"") | L17: =IFERROR(__xludf.DUMMYFUNCTION("""COMPUTED_VALUE"""),"") | M17: =IFERROR(__xludf.DUMMYFUNCTION("""COMPUTED_VALUE"""),"") | N17: =IFERROR(__xludf.DUMMYFUNCTION("""COMPUTED_VALUE"""),"") | O17: =IFERROR(__xludf.DUMMYFUNCTION("""COMPUTED_VALUE"""),"") | P17: =IFERROR(__xludf.DUMMYFUNCTION("""COMPUTED_VALUE"""),"") | Q17: =IFERROR(__xludf.DUMMYFUNCTION("""COMPUTED_VALUE"""),"") | ... Y17: =IFERROR(__xludf.DUMMYFUNCTION("""COMPUTED_VALUE"""),"")
A18: =IFERROR(__xludf.DUMMYFUNCTION("""COMPUTED_VALUE"""),"F2") -> F2 | B18: =IFERROR(__xludf.DUMMYFUNCTION("""COMPUTED_VALUE"""),"PRESSURE SWITCH ") -> PRESSURE SWITCH | C18: =IFERROR(__xludf.DUMMYFUNCTION("""COMPUTED_VALUE"""),"FILTER CLOGGING INDICATOR FOR HD CIRCUIT HPU") -> FILTER CLOGGING INDICATOR FOR HD CIRCUIT HPU | D18: =IFERROR(__xludf.DUMMYFUNCTION("""COMPUTED_VALUE"""),"24VDC NO/NC") -> 24VDC NO/NC | E18: =IFERROR(__xludf.DUMMYFUNCTION("""COMPUTED_VALUE"""),"NA") -> NA | F18: =IFERROR(__xludf.DUMMYFUNCTION("""COMPUTED_VALUE"""),"NA") -> NA | G18: =IFERROR(__xludf.DUMMYFUNCTION("""COMPUTED_VALUE"""),328207) -> 328207 | H18: =IFERROR(__xludf.DUMMYFUNCTION("""COMPUTED_VALUE"""),15) -> 15 | I18: =IFERROR(__xludf.DUMMYFUNCTION("""COMPUTED_VALUE"""),"DIN PLUG (CONNECTOR INCLUDED)") -> DIN PLUG (CONNECTOR INCLUDED) | J18: =IFERROR(__xludf.DUMMYFUNCTION("""COMPUTED_VALUE"""),"") | K18: =IFERROR(__xludf.DUMMYFUNCTION("""COMPUTED_VALUE"""),"") | L18: =IFERROR(__xludf.DUMMYFUNCTION("""COMPUTED_VALUE"""),"") | M18: =IFERROR(__xludf.DUMMYFUNCTION("""COMPUTED_VALUE"""),"") | N18: =IFERROR(__xludf.DUMMYFUNCTION("""COMPUTED_VALUE"""),"") | O18: =IFERROR(__xludf.DUMMYFUNCTION("""COMPUTED_VALUE"""),"") | P18: =IFERROR(__xludf.DUMMYFUNCTION("""COMPUTED_VALUE"""),"") | Q18: =IFERROR(__xludf.DUMMYFUNCTION("""COMPUTED_VALUE"""),"") | ... Y18: =IFERROR(__xludf.DUMMYFUNCTION("""COMPUTED_VALUE"""),"")
A19: =IFERROR(__xludf.DUMMYFUNCTION("""COMPUTED_VALUE"""),"F3") -> F3 | B19: =IFERROR(__xludf.DUMMYFUNCTION("""COMPUTED_VALUE"""),"PRESSURE SWITCH ") -> PRESSURE SWITCH | C19: =IFERROR(__xludf.DUMMYFUNCTION("""COMPUTED_VALUE"""),"FILTER CLOGGING INDICATOR FOR MAIN RETURN HPU") -> FILTER CLOGGING INDICATOR FOR MAIN RETURN HPU | D19: =IFERROR(__xludf.DUMMYFUNCTION("""COMPUTED_VALUE"""),"24VDC NO/NC") -> 24VDC NO/NC | E19: =IFERROR(__xludf.DUMMYFUNCTION("""COMPUTED_VALUE"""),"NA") -> NA | F19: =IFERROR(__xludf.DUMMYFUNCTION("""COMPUTED_VALUE"""),"NA") -> NA | G19: =IFERROR(__xludf.DUMMYFUNCTION("""COMPUTED_VALUE"""),"PE3 ") -> PE3 | H19: =IFERROR(__xludf.DUMMYFUNCTION("""COMPUTED_VALUE"""),8) -> 8 | I19: =IFERROR(__xludf.DUMMYFUNCTION("""COMPUTED_VALUE"""),"DIN PLUG (CONNECTOR INCLUDED)") -> DIN PLUG (CONNECTOR INCLUDED) | J19: =IFERROR(__xludf.DUMMYFUNCTION("""COMPUTED_VALUE"""),"") | K19: =IFERROR(__xludf.DUMMYFUNCTION("""COMPUTED_VALUE"""),"") | L19: =IFERROR(__xludf.DUMMYFUNCTION("""COMPUTED_VALUE"""),"") | M19: =IFERROR(__xludf.DUMMYFUNCTION("""COMPUTED_VALUE"""),"") | N19: =IFERROR(__xludf.DUMMYFUNCTION("""COMPUTED_VALUE"""),"") | O19: =IFERROR(__xludf.DUMMYFUNCTION("""COMPUTED_VALUE"""),"") | P19: =IFERROR(__xludf.DUMMYFUNCTION("""COMPUTED_VALUE"""),"") | Q19: =IFERROR(__xludf.DUMMYFUNCTION("""COMPUTED_VALUE"""),"") | ... Y19: =IFERROR(__xludf.DUMMYFUNCTION("""COMPUTED_VALUE"""),"")
A20: =IFERROR(__xludf.DUMMYFUNCTION("""COMPUTED_VALUE"""),"F4") -> F4 | B20: =IFERROR(__xludf.DUMMYFUNCTION("""COMPUTED_VALUE"""),"PRESSURE SWITCH ") -> PRESSURE SWITCH | C20: =IFERROR(__xludf.DUMMYFUNCTION("""COMPUTED_VALUE"""),"FILTER CLOGGING INDICATOR FOR DRAIN TANK RETURN HPU") -> FILTER CLOGGING INDICATOR FOR DRAIN TANK RETURN HPU | D20: =IFERROR(__xludf.DUMMYFUNCTION("""COMPUTED_VALUE"""),"24VDC NO/NC") -> 24VDC NO/NC | E20: =IFERROR(__xludf.DUMMYFUNCTION("""COMPUTED_VALUE"""),"NA") -> NA | F20: =IFERROR(__xludf.DUMMYFUNCTION("""COMPUTED_VALUE"""),"NA") -> NA | G20: =IFERROR(__xludf.DUMMYFUNCTION("""COMPUTED_VALUE"""),"PE3 ") -> PE3 | H20: =IFERROR(__xludf.DUMMYFUNCTION("""COMPUTED_VALUE"""),8) -> 8 | I20: =IFERROR(__xludf.DUMMYFUNCTION("""COMPUTED_VALUE"""),"DIN PLUG (CONNECTOR INCLUDED)") -> DIN PLUG (CONNECTOR INCLUDED) | J20: =IFERROR(__xludf.DUMMYFUNCTION("""COMPUTED_VALUE"""),"") | K20: =IFERROR(__xludf.DUMMYFUNCTION("""COMPUTED_VALUE"""),"") | L20: =IFERROR(__xludf.DUMMYFUNCTION("""COMPUTED_VALUE"""),"") | M20: =IFERROR(__xludf.DUMMYFUNCTION("""COMPUTED_VALUE"""),"") | N20: =IFERROR(__xludf.DUMMYFUNCTION("""COMPUTED_VALUE"""),"") | O20: =IFERROR(__xludf.DUMMYFUNCTION("""COMPUTED_VALUE"""),"") | P20: =IFERROR(__xludf.DUMMYFUNCTION("""COMPUTED_VALUE"""),"") | Q20: =IFERROR(__xludf.DUMMYFUNCTION("""COMPUTED_VALUE"""),"") | ... Y20: =IFERROR(__xludf.DUMMYFUNCTION("""COMPUTED_VALUE"""),"")
A21: =IFERROR(__xludf.DUMMYFUNCTION("""COMPUTED_VALUE"""),"LEV-1") -> LEV-1 | B21: =IFERROR(__xludf.DUMMYFUNCTION("""COMPUTED_VALUE""")," LEVEL SENSOR") -> LEVEL SENSOR | C21: =IFERROR(__xludf.DUMMYFUNCTION("""COMPUTED_VALUE"""),"MAIN TANK OIL LEVEL SENSOR") -> MAIN TANK OIL LEVEL SENSOR | D21: =IFERROR(__xludf.DUMMYFUNCTION("""COMPUTED_VALUE"""),"24VDC ˂50mA") -> 24VDC ˂50mA | E21: =IFERROR(__xludf.DUMMYFUNCTION("""COMPUTED_VALUE"""),"4..20mA") -> 4..20mA | F21: =IFERROR(__xludf.DUMMYFUNCTION("""COMPUTED_VALUE"""),"NA") -> NA | G21: =IFERROR(__xludf.DUMMYFUNCTION("""COMPUTED_VALUE"""),"LR2050") -> LR2050 | H21: =IFERROR(__xludf.DUMMYFUNCTION("""COMPUTED_VALUE"""),11) -> 11 | I21: =IFERROR(__xludf.DUMMYFUNCTION("""COMPUTED_VALUE"""),"M12") -> M12 | J21: =IFERROR(__xludf.DUMMYFUNCTION("""COMPUTED_VALUE"""),"") | K21: =IFERROR(__xludf.DUMMYFUNCTION("""COMPUTED_VALUE"""),"") | L21: =IFERROR(__xludf.DUMMYFUNCTION("""COMPUTED_VALUE"""),"") | M21: =IFERROR(__xludf.DUMMYFUNCTION("""COMPUTED_VALUE"""),"") | N21: =IFERROR(__xludf.DUMMYFUNCTION("""COMPUTED_VALUE"""),"") | O21: =IFERROR(__xludf.DUMMYFUNCTION("""COMPUTED_VALUE"""),"") | P21: =IFERROR(__xludf.DUMMYFUNCTION("""COMPUTED_VALUE"""),"") | Q21: =IFERROR(__xludf.DUMMYFUNCTION("""COMPUTED_VALUE"""),"") | ... Y21: =IFERROR(__xludf.DUMMYFUNCTION("""COMPUTED_VALUE"""),"")
A22: =IFERROR(__xludf.DUMMYFUNCTION("""COMPUTED_VALUE"""),"TEMP-1") -> TEMP-1 | B22: =IFERROR(__xludf.DUMMYFUNCTION("""COMPUTED_VALUE"""),"TEMPERATURE SENSOR(-50..150°C)") -> TEMPERATURE SENSOR(-50..150°C) | C22: =IFERROR(__xludf.DUMMYFUNCTION("""COMPUTED_VALUE"""),"MAIN TANK OIL TEMPERATURE SENSOR") -> MAIN TANK OIL TEMPERATURE SENSOR | D22: =IFERROR(__xludf.DUMMYFUNCTION("""COMPUTED_VALUE"""),"24VDC ˂50mA") -> 24VDC ˂50mA | E22: =IFERROR(__xludf.DUMMYFUNCTION("""COMPUTED_VALUE"""),"4..20mA") -> 4..20mA | F22: =IFERROR(__xludf.DUMMYFUNCTION("""COMPUTED_VALUE"""),"NA") -> NA | G22: =IFERROR(__xludf.DUMMYFUNCTION("""COMPUTED_VALUE"""),"TA2135") -> TA2135 | H22: =IFERROR(__xludf.DUMMYFUNCTION("""COMPUTED_VALUE"""),12) -> 12 | I22: =IFERROR(__xludf.DUMMYFUNCTION("""COMPUTED_VALUE"""),"M12") -> M12 | J22: =IFERROR(__xludf.DUMMYFUNCTION("""COMPUTED_VALUE"""),"") | K22: =IFERROR(__xludf.DUMMYFUNCTION("""COMPUTED_VALUE"""),"") | L22: =IFERROR(__xludf.DUMMYFUNCTION("""COMPUTED_VALUE"""),"") | M22: =IFERROR(__xludf.DUMMYFUNCTION("""COMPUTED_VALUE"""),"") | N22: =IFERROR(__xludf.DUMMYFUNCTION("""COMPUTED_VALUE"""),"") | O22: =IFERROR(__xludf.DUMMYFUNCTION("""COMPUTED_VALUE"""),"") | P22: =IFERROR(__xludf.DUMMYFUNCTION("""COMPUTED_VALUE"""),"") | Q22: =IFERROR(__xludf.DUMMYFUNCTION("""COMPUTED_VALUE"""),"") | ... Y22: =IFERROR(__xludf.DUMMYFUNCTION("""COMPUTED_VALUE"""),"")
A23: =IFERROR(__xludf.DUMMYFUNCTION("""COMPUTED_VALUE"""),"") | B23: =IFERROR(__xludf.DUMMYFUNCTION("""COMPUTED_VALUE"""),"1069-11-01") -> 1069-11-01 | C23: =IFERROR(__xludf.DUMMYFUNCTION("""COMPUTED_VALUE"""),"JUNCTION MANIFOLD") -> JUNCTION MANIFOLD | D23: =IFERROR(__xludf.DUMMYFUNCTION("""COMPUTED_VALUE"""),"") | E23: =IFERROR(__xludf.DUMMYFUNCTION("""COMPUTED_VALUE"""),"") | F23: =IFERROR(__xludf.DUMMYFUNCTION("""COMPUTED_VALUE"""),"") | G23: =IFERROR(__xludf.DUMMYFUNCTION("""COMPUTED_VALUE"""),"") | H23: =IFERROR(__xludf.DUMMYFUNCTION("""COMPUTED_VALUE"""),"") | I23: =IFERROR(__xludf.DUMMYFUNCTION("""COMPUTED_VALUE"""),"") | J23: =IFERROR(__xludf.DUMMYFUNCTION("""COMPUTED_VALUE"""),"") | K23: =IFERROR(__xludf.DUMMYFUNCTION("""COMPUTED_VALUE"""),"") | ... Y23: =IFERROR(__xludf.DUMMYFUNCTION("""COMPUTED_VALUE"""),"")
A24: =IFERROR(__xludf.DUMMYFUNCTION("""COMPUTED_VALUE"""),"F5") -> F5 | B24: =IFERROR(__xludf.DUMMYFUNCTION("""COMPUTED_VALUE"""),"PRESSURE SWITCH ") -> PRESSURE SWITCH | C24: =IFERROR(__xludf.DUMMYFUNCTION("""COMPUTED_VALUE"""),"FILTER CLOGGING INDICATOR FOR TILT CIRCUIT HPU") -> FILTER CLOGGING INDICATOR FOR TILT CIRCUIT HPU | D24: =IFERROR(__xludf.DUMMYFUNCTION("""COMPUTED_VALUE"""),"24VDC NO/NC") -> 24VDC NO/NC | E24: =IFERROR(__xludf.DUMMYFUNCTION("""COMPUTED_VALUE"""),"NA") -> NA | F24: =IFERROR(__xludf.DUMMYFUNCTION("""COMPUTED_VALUE"""),"NA") -> NA | G24: =IFERROR(__xludf.DUMMYFUNCTION("""COMPUTED_VALUE"""),328207) -> 328207 | H24: =IFERROR(__xludf.DUMMYFUNCTION("""COMPUTED_VALUE"""),15) -> 15 | I24: =IFERROR(__xludf.DUMMYFUNCTION("""COMPUTED_VALUE"""),"DIN PLUG (CONNECTOR INCLUDED)") -> DIN PLUG (CONNECTOR INCLUDED) | J24: =IFERROR(__xludf.DUMMYFUNCTION("""COMPUTED_VALUE"""),"") | K24: =IFERROR(__xludf.DUMMYFUNCTION("""COMPUTED_VALUE"""),"") | L24: =IFERROR(__xludf.DUMMYFUNCTION("""COMPUTED_VALUE"""),"") | M24: =IFERROR(__xludf.DUMMYFUNCTION("""COMPUTED_VALUE"""),"") | N24: =IFERROR(__xludf.DUMMYFUNCTION("""COMPUTED_VALUE"""),"") | O24: =IFERROR(__xludf.DUMMYFUNCTION("""COMPUTED_VALUE"""),"") | P24: =IFERROR(__xludf.DUMMYFUNCTION("""COMPUTED_VALUE"""),"") | Q24: =IFERROR(__xludf.DUMMYFUNCTION("""COMPUTED_VALUE"""),"") | ... Y24: =IFERROR(__xludf.DUMMYFUNCTION("""COMPUTED_VALUE"""),"")
A25: =IFERROR(__xludf.DUMMYFUNCTION("""COMPUTED_VALUE"""),"F6") -> F6 | B25: =IFERROR(__xludf.DUMMYFUNCTION("""COMPUTED_VALUE"""),"PRESSURE SWITCH ") -> PRESSURE SWITCH | C25: =IFERROR(__xludf.DUMMYFUNCTION("""COMPUTED_VALUE"""),"FILTER CLOGGING INDICATOR FOR TILT CIRCUIT HPU") -> FILTER CLOGGING INDICATOR FOR TILT CIRCUIT HPU | D25: =IFERROR(__xludf.DUMMYFUNCTION("""COMPUTED_VALUE"""),"24VDC NO/NC") -> 24VDC NO/NC | E25: =IFERROR(__xludf.DUMMYFUNCTION("""COMPUTED_VALUE"""),"NA") -> NA | F25: =IFERROR(__xludf.DUMMYFUNCTION("""COMPUTED_VALUE"""),"NA") -> NA | G25: =IFERROR(__xludf.DUMMYFUNCTION("""COMPUTED_VALUE"""),328207) -> 328207 | H25: =IFERROR(__xludf.DUMMYFUNCTION("""COMPUTED_VALUE"""),15) -> 15 | I25: =IFERROR(__xludf.DUMMYFUNCTION("""COMPUTED_VALUE"""),"DIN PLUG (CONNECTOR INCLUDED)") -> DIN PLUG (CONNECTOR INCLUDED) | J25: =IFERROR(__xludf.DUMMYFUNCTION("""COMPUTED_VALUE"""),"") | K25: =IFERROR(__xludf.DUMMYFUNCTION("""COMPUTED_VALUE"""),"") | L25: =IFERROR(__xludf.DUMMYFUNCTION("""COMPUTED_VALUE"""),"") | M25: =IFERROR(__xludf.DUMMYFUNCTION("""COMPUTED_VALUE"""),"") | N25: =IFERROR(__xludf.DUMMYFUNCTION("""COMPUTED_VALUE"""),"") | O25: =IFERROR(__xludf.DUMMYFUNCTION("""COMPUTED_VALUE"""),"") | P25: =IFERROR(__xludf.DUMMYFUNCTION("""COMPUTED_VALUE"""),"") | Q25: =IFERROR(__xludf.DUMMYFUNCTION("""COMPUTED_VALUE"""),"") | ... Y25: =IFERROR(__xludf.DUMMYFUNCTION("""COMPUTED_VALUE"""),"")
A26: =IFERROR(__xludf.DUMMYFUNCTION("""COMPUTED_VALUE"""),"") | B26: =IFERROR(__xludf.DUMMYFUNCTION("""COMPUTED_VALUE"""),"1069-02-01") -> 1069-02-01 | C26: =IFERROR(__xludf.DUMMYFUNCTION("""COMPUTED_VALUE"""),"TILT MANIFOLD") -> TILT MANIFOLD | D26: =IFERROR(__xludf.DUMMYFUNCTION("""COMPUTED_VALUE"""),"") | E26: =IFERROR(__xludf.DUMMYFUNCTION("""COMPUTED_VALUE"""),"") | F26: =IFERROR(__xludf.DUMMYFUNCTION("""COMPUTED_VALUE"""),"") | G26: =IFERROR(__xludf.DUMMYFUNCTION("""COMPUTED_VALUE"""),"") | H26: =IFERROR(__xludf.DUMMYFUNCTION("""COMPUTED_VALUE"""),"") | I26: =IFERROR(__xludf.DUMMYFUNCTION("""COMPUTED_VALUE"""),"") | J26: =IFERROR(__xludf.DUMMYFUNCTION("""COMPUTED_VALUE"""),"") | K26: =IFERROR(__xludf.DUMMYFUNCTION("""COMPUTED_VALUE"""),"") | ... Y26: =IFERROR(__xludf.DUMMYFUNCTION("""COMPUTED_VALUE"""),"")
A27: =IFERROR(__xludf.DUMMYFUNCTION("""COMPUTED_VALUE"""),"C9") -> C9 | B27: =IFERROR(__xludf.DUMMYFUNCTION("""COMPUTED_VALUE"""),"ON/OFF SOLENOID VALVE") -> ON/OFF SOLENOID VALVE | C27: =IFERROR(__xludf.DUMMYFUNCTION("""COMPUTED_VALUE"""),"HOT OIL CIRCULATION (IF REQUIRED)") -> HOT OIL CIRCULATION (IF REQUIRED) | D27: =IFERROR(__xludf.DUMMYFUNCTION("""COMPUTED_VALUE"""),"24VDC 20W") -> 24VDC 20W | E27: =IFERROR(__xludf.DUMMYFUNCTION("""COMPUTED_VALUE"""),"NA") -> NA | F27: =IFERROR(__xludf.DUMMYFUNCTION("""COMPUTED_VALUE"""),"NA") -> NA | G27: =IFERROR(__xludf.DUMMYFUNCTION("""COMPUTED_VALUE"""),"") | H27: =IFERROR(__xludf.DUMMYFUNCTION("""COMPUTED_VALUE"""),"") | I27: =IFERROR(__xludf.DUMMYFUNCTION("""COMPUTED_VALUE"""),"DEUTSCH DTO4-2P (CONNECTOR INCLUDED)") -> DEUTSCH DTO4-2P (CONNECTOR INCLUDED) | J27: =IFERROR(__xludf.DUMMYFUNCTION("""COMPUTED_VALUE"""),"") | K27: =IFERROR(__xludf.DUMMYFUNCTION("""COMPUTED_VALUE"""),"") | L27: =IFERROR(__xludf.DUMMYFUNCTION("""COMPUTED_VALUE"""),"") | M27: =IFERROR(__xludf.DUMMYFUNCTION("""COMPUTED_VALUE"""),"") | N27: =IFERROR(__xludf.DUMMYFUNCTION("""COMPUTED_VALUE"""),"") | O27: =IFERROR(__xludf.DUMMYFUNCTION("""COMPUTED_VALUE"""),"") | P27: =IFERROR(__xludf.DUMMYFUNCTION("""COMPUTED_VALUE"""),"") | Q27: =IFERROR(__xludf.DUMMYFUNCTION("""COMPUTED_VALUE"""),"") | ... Y27: =IFERROR(__xludf.DUMMYFUNCTION("""COMPUTED_VALUE"""),"")
A28: =IFERROR(__xludf.DUMMYFUNCTION("""COMPUTED_VALUE"""),"PT-3") -> PT-3 | B28: =IFERROR(__xludf.DUMMYFUNCTION("""COMPUTED_VALUE"""),"PRESSURE TRANSDUCER") -> PRESSURE TRANSDUCER | C28: =IFERROR(__xludf.DUMMYFUNCTION("""COMPUTED_VALUE"""),"TILT CIRCUIT PRESSURE SENSOR") -> TILT CIRCUIT PRESSURE SENSOR | D28: =IFERROR(__xludf.DUMMYFUNCTION("""COMPUTED_VALUE"""),"24VDC") -> 24VDC | E28: =IFERROR(__xludf.DUMMYFUNCTION("""COMPUTED_VALUE"""),"4..20mA") -> 4..20mA | F28: =IFERROR(__xludf.DUMMYFUNCTION("""COMPUTED_VALUE"""),"NA") -> NA | G28: =IFERROR(__xludf.DUMMYFUNCTION("""COMPUTED_VALUE"""),"PT5400") -> PT5400 | H28: =IFERROR(__xludf.DUMMYFUNCTION("""COMPUTED_VALUE"""),24) -> 24 | I28: =IFERROR(__xludf.DUMMYFUNCTION("""COMPUTED_VALUE"""),"M12") -> M12 | J28: =IFERROR(__xludf.DUMMYFUNCTION("""COMPUTED_VALUE"""),"") | K28: =IFERROR(__xludf.DUMMYFUNCTION("""COMPUTED_VALUE"""),"") | L28: =IFERROR(__xludf.DUMMYFUNCTION("""COMPUTED_VALUE"""),"") | M28: =IFERROR(__xludf.DUMMYFUNCTION("""COMPUTED_VALUE"""),"") | N28: =IFERROR(__xludf.DUMMYFUNCTION("""COMPUTED_VALUE"""),"") | O28: =IFERROR(__xludf.DUMMYFUNCTION("""COMPUTED_VALUE"""),"") | P28: =IFERROR(__xludf.DUMMYFUNCTION("""COMPUTED_VALUE"""),"") | Q28: =IFERROR(__xludf.DUMMYFUNCTION("""COMPUTED_VALUE"""),"") | ... Y28: =IFERROR(__xludf.DUMMYFUNCTION("""COMPUTED_VALUE"""),"")
A29: =IFERROR(__xludf.DUMMYFUNCTION("""COMPUTED_VALUE"""),"S7") -> S7 | B29: =IFERROR(__xludf.DUMMYFUNCTION("""COMPUTED_VALUE"""),"PROPORTIONAL DIRECTIONAL VALVE") -> PROPORTIONAL DIRECTIONAL VALVE | C29: =IFERROR(__xludf.DUMMYFUNCTION("""COMPUTED_VALUE"""),"PLATFORM TILT PROPORTIONAL DIRECTIONAL VALVE") -> PLATFORM TILT PROPORTIONAL DIRECTIONAL VALVE | D29: =IFERROR(__xludf.DUMMYFUNCTION("""COMPUTED_VALUE"""),"24VDC 3A") -> 24VDC 3A | E29: =IFERROR(__xludf.DUMMYFUNCTION("""COMPUTED_VALUE"""),"+/-10V") -> +/-10V | F29: =IFERROR(__xludf.DUMMYFUNCTION("""COMPUTED_VALUE"""),"4..20mA") -> 4..20mA | G29: =IFERROR(__xludf.DUMMYFUNCTION("""COMPUTED_VALUE"""),"858AN00014A") -> 858AN00014A | H29: =IFERROR(__xludf.DUMMYFUNCTION("""COMPUTED_VALUE"""),31) -> 31 | I29: =IFERROR(__xludf.DUMMYFUNCTION("""COMPUTED_VALUE"""),"INDUSTRIAL 7 PIN PLUG (CONNECTOR INCLUDED)") -> INDUSTRIAL 7 PIN PLUG (CONNECTOR INCLUDED) | J29: =IFERROR(__xludf.DUMMYFUNCTION("""COMPUTED_VALUE"""),"") | K29: =IFERROR(__xludf.DUMMYFUNCTION("""COMPUTED_VALUE"""),"") | L29: =IFERROR(__xludf.DUMMYFUNCTION("""COMPUTED_VALUE"""),"") | M29: =IFERROR(__xludf.DUMMYFUNCTION("""COMPUTED_VALUE"""),"") | N29: =IFERROR(__xludf.DUMMYFUNCTION("""COMPUTED_VALUE"""),"") | O29: =IFERROR(__xludf.DUMMYFUNCTION("""COMPUTED_VALUE"""),"") | P29: =IFERROR(__xludf.DUMMYFUNCTION("""COMPUTED_VALUE"""),"") | Q29: =IFERROR(__xludf.DUMMYFUNCTION("""COMPUTED_VALUE"""),"") | ... Y29: =IFERROR(__xludf.DUMMYFUNCTION("""COMPUTED_VALUE"""),"")
A30: =IFERROR(__xludf.DUMMYFUNCTION("""COMPUTED_VALUE"""),"S8") -> S8 | B30: =IFERROR(__xludf.DUMMYFUNCTION("""COMPUTED_VALUE"""),"PROPORTIONAL DIRECTIONAL VALVE") -> PROPORTIONAL DIRECTIONAL VALVE | C30: =IFERROR(__xludf.DUMMYFUNCTION("""COMPUTED_VALUE"""),"TOP CLAMP PROPORTIONAL DIRECTIONAL VALVE") -> TOP CLAMP PROPORTIONAL DIRECTIONAL VALVE | D30: =IFERROR(__xludf.DUMMYFUNCTION("""COMPUTED_VALUE"""),"24VDC 3A") -> 24VDC 3A | E30: =IFERROR(__xludf.DUMMYFUNCTION("""COMPUTED_VALUE"""),"+/-10V") -> +/-10V | F30: =IFERROR(__xludf.DUMMYFUNCTION("""COMPUTED_VALUE"""),"4..20mA") -> 4..20mA | G30: =IFERROR(__xludf.DUMMYFUNCTION("""COMPUTED_VALUE"""),"858AN00064A") -> 858AN00064A | H30: =IFERROR(__xludf.DUMMYFUNCTION("""COMPUTED_VALUE"""),32) -> 32 | I30: =IFERROR(__xludf.DUMMYFUNCTION("""COMPUTED_VALUE"""),"INDUSTRIAL 7 PIN PLUG (CONNECTOR INCLUDED)") -> INDUSTRIAL 7 PIN PLUG (CONNECTOR INCLUDED) | J30: =IFERROR(__xludf.DUMMYFUNCTION("""COMPUTED_VALUE"""),"") | K30: =IFERROR(__xludf.DUMMYFUNCTION("""COMPUTED_VALUE"""),"") | L30: =IFERROR(__xludf.DUMMYFUNCTION("""COMPUTED_VALUE"""),"") | M30: =IFERROR(__xludf.DUMMYFUNCTION("""COMPUTED_VALUE"""),"") | N30: =IFERROR(__xludf.DUMMYFUNCTION("""COMPUTED_VALUE"""),"") | O30: =IFERROR(__xludf.DUMMYFUNCTION("""COMPUTED_VALUE"""),"") | P30: =IFERROR(__xludf.DUMMYFUNCTION("""COMPUTED_VALUE"""),"") | Q30: =IFERROR(__xludf.DUMMYFUNCTION("""COMPUTED_VALUE"""),"") | ... Y30: =IFERROR(__xludf.DUMMYFUNCTION("""COMPUTED_VALUE"""),"")
A31: =IFERROR(__xludf.DUMMYFUNCTION("""COMPUTED_VALUE"""),"S9") -> S9 | B31: =IFERROR(__xludf.DUMMYFUNCTION("""COMPUTED_VALUE"""),"PROPORTIONAL DIRECTIONAL VALVE") -> PROPORTIONAL DIRECTIONAL VALVE | C31: =IFERROR(__xludf.DUMMYFUNCTION("""COMPUTED_VALUE"""),"STRONG BACK PROPORTIONAL DIRECTIONAL VALVE") -> STRONG BACK PROPORTIONAL DIRECTIONAL VALVE | D31: =IFERROR(__xludf.DUMMYFUNCTION("""COMPUTED_VALUE"""),"24VDC 3A") -> 24VDC 3A | E31: =IFERROR(__xludf.DUMMYFUNCTION("""COMPUTED_VALUE"""),"+/-10V") -> +/-10V | F31: =IFERROR(__xludf.DUMMYFUNCTION("""COMPUTED_VALUE"""),"4..20mA") -> 4..20mA | G31: =IFERROR(__xludf.DUMMYFUNCTION("""COMPUTED_VALUE"""),"E040120") -> E040120 | H31: =IFERROR(__xludf.DUMMYFUNCTION("""COMPUTED_VALUE"""),33) -> 33 | I31: =IFERROR(__xludf.DUMMYFUNCTION("""COMPUTED_VALUE"""),"INDUSTRIAL 7 PIN PLUG (CONNECTOR INCLUDED)") -> INDUSTRIAL 7 PIN PLUG (CONNECTOR INCLUDED) | J31: =IFERROR(__xludf.DUMMYFUNCTION("""COMPUTED_VALUE"""),"") | K31: =IFERROR(__xludf.DUMMYFUNCTION("""COMPUTED_VALUE"""),"") | L31: =IFERROR(__xludf.DUMMYFUNCTION("""COMPUTED_VALUE"""),"") | M31: =IFERROR(__xludf.DUMMYFUNCTION("""COMPUTED_VALUE"""),"") | N31: =IFERROR(__xludf.DUMMYFUNCTION("""COMPUTED_VALUE"""),"") | O31: =IFERROR(__xludf.DUMMYFUNCTION("""COMPUTED_VALUE"""),"") | P31: =IFERROR(__xludf.DUMMYFUNCTION("""COMPUTED_VALUE"""),"") | Q31: =IFERROR(__xludf.DUMMYFUNCTION("""COMPUTED_VALUE"""),"") | ... Y31: =IFERROR(__xludf.DUMMYFUNCTION("""COMPUTED_VALUE"""),"")
A32: =IFERROR(__xludf.DUMMYFUNCTION("""COMPUTED_VALUE"""),"S10.1") -> S10.1 | B32: =IFERROR(__xludf.DUMMYFUNCTION("""COMPUTED_VALUE"""),"ON/OFF SOLENOID VALVE") -> ON/OFF SOLENOID VALVE | C32: =IFERROR(__xludf.DUMMYFUNCTION("""COMPUTED_VALUE"""),"TOP CLAMP BACKUP CLOSE FUNCTION") -> TOP CLAMP BACKUP CLOSE FUNCTION | D32: =IFERROR(__xludf.DUMMYFUNCTION("""COMPUTED_VALUE"""),"24VDC 36W") -> 24VDC 36W | E32: =IFERROR(__xludf.DUMMYFUNCTION("""COMPUTED_VALUE"""),"NA ") -> NA | F32: =IFERROR(__xludf.DUMMYFUNCTION("""COMPUTED_VALUE"""),"NA ") -> NA | G32: =IFERROR(__xludf.DUMMYFUNCTION("""COMPUTED_VALUE"""),"02-414486") -> 02-414486 | H32: =IFERROR(__xludf.DUMMYFUNCTION("""COMPUTED_VALUE"""),34) -> 34 | I32: =IFERROR(__xludf.DUMMYFUNCTION("""COMPUTED_VALUE"""),"DEUTSCH DTO4-2P (CONNECTOR INCLUDED)") -> DEUTSCH DTO4-2P (CONNECTOR INCLUDED) | J32: =IFERROR(__xludf.DUMMYFUNCTION("""COMPUTED_VALUE"""),"") | K32: =IFERROR(__xludf.DUMMYFUNCTION("""COMPUTED_VALUE"""),"") | L32: =IFERROR(__xludf.DUMMYFUNCTION("""COMPUTED_VALUE"""),"") | M32: =IFERROR(__xludf.DUMMYFUNCTION("""COMPUTED_VALUE"""),"") | N32: =IFERROR(__xludf.DUMMYFUNCTION("""COMPUTED_VALUE"""),"") | O32: =IFERROR(__xludf.DUMMYFUNCTION("""COMPUTED_VALUE"""),"") | P32: =IFERROR(__xludf.DUMMYFUNCTION("""COMPUTED_VALUE"""),"") | Q32: =IFERROR(__xludf.DUMMYFUNCTION("""COMPUTED_VALUE"""),"") | ... Y32: =IFERROR(__xludf.DUMMYFUNCTION("""COMPUTED_VALUE"""),"")
A33: =IFERROR(__xludf.DUMMYFUNCTION("""COMPUTED_VALUE"""),"S10.2") -> S10.2 | B33: =IFERROR(__xludf.DUMMYFUNCTION("""COMPUTED_VALUE"""),"ON/OFF SOLENOID VALVE") -> ON/OFF SOLENOID VALVE | C33: =IFERROR(__xludf.DUMMYFUNCTION("""COMPUTED_VALUE"""),"TOP CLAMP BACKUP OPEN FUNCTION") -> TOP CLAMP BACKUP OPEN FUNCTION | D33: =IFERROR(__xludf.DUMMYFUNCTION("""COMPUTED_VALUE"""),"24VDC 36W") -> 24VDC 36W | E33: =IFERROR(__xludf.DUMMYFUNCTION("""COMPUTED_VALUE"""),"NA ") -> NA | F33: =IFERROR(__xludf.DUMMYFUNCTION("""COMPUTED_VALUE"""),"NA ") -> NA | G33: =IFERROR(__xludf.DUMMYFUNCTION("""COMPUTED_VALUE"""),"02-414486") -> 02-414486 | H33: =IFERROR(__xludf.DUMMYFUNCTION("""COMPUTED_VALUE"""),34) -> 34 | I33: =IFERROR(__xludf.DUMMYFUNCTION("""COMPUTED_VALUE"""),"DEUTSCH DTO4-2P (CONNECTOR INCLUDED)") -> DEUTSCH DTO4-2P (CONNECTOR INCLUDED) | J33: =IFERROR(__xludf.DUMMYFUNCTION("""COMPUTED_VALUE"""),"") | K33: =IFERROR(__xludf.DUMMYFUNCTION("""COMPUTED_VALUE"""),"") | L33: =IFERROR(__xludf.DUMMYFUNCTION("""COMPUTED_VALUE"""),"") | M33: =IFERROR(__xludf.DUMMYFUNCTION("""COMPUTED_VALUE"""),"") | N33: =IFERROR(__xludf.DUMMYFUNCTION("""COMPUTED_VALUE"""),"") | O33: =IFERROR(__xludf.DUMMYFUNCTION("""COMPUTED_VALUE"""),"") | P33: =IFERROR(__xludf.DUMMYFUNCTION("""COMPUTED_VALUE"""),"") | Q33: =IFERROR(__xludf.DUMMYFUNCTION("""COMPUTED_VALUE"""),"") | ... Y33: =IFERROR(__xludf.DUMMYFUNCTION("""COMPUTED_VALUE"""),"")
A34: =IFERROR(__xludf.DUMMYFUNCTION("""COMPUTED_VALUE"""),"S11") -> S11 | B34: =IFERROR(__xludf.DUMMYFUNCTION("""COMPUTED_VALUE"""),"ON/OFF SOLENOID VALVE") -> ON/OFF SOLENOID VALVE | C34: =IFERROR(__xludf.DUMMYFUNCTION("""COMPUTED_VALUE"""),"TOP CLAMP BACK UP CHANGEOVER VALVE") -> TOP CLAMP BACK UP CHANGEOVER VALVE | D34: =IFERROR(__xludf.DUMMYFUNCTION("""COMPUTED_VALUE"""),"24VDC 29W") -> 24VDC 29W | E34: =IFERROR(__xludf.DUMMYFUNCTION("""COMPUTED_VALUE"""),"NA ") -> NA | F34: =IFERROR(__xludf.DUMMYFUNCTION("""COMPUTED_VALUE"""),"NA ") -> NA | G34: =IFERROR(__xludf.DUMMYFUNCTION("""COMPUTED_VALUE"""),"02-175803") -> 02-175803 | H34: =IFERROR(__xludf.DUMMYFUNCTION("""COMPUTED_VALUE"""),36) -> 36 | I34: =IFERROR(__xludf.DUMMYFUNCTION("""COMPUTED_VALUE"""),"DEUTSCH DTO4-2P (CONNECTOR INCLUDED)") -> DEUTSCH DTO4-2P (CONNECTOR INCLUDED) | J34: =IFERROR(__xludf.DUMMYFUNCTION("""COMPUTED_VALUE"""),"") | K34: =IFERROR(__xludf.DUMMYFUNCTION("""COMPUTED_VALUE"""),"") | L34: =IFERROR(__xludf.DUMMYFUNCTION("""COMPUTED_VALUE"""),"") | M34: =IFERROR(__xludf.DUMMYFUNCTION("""COMPUTED_VALUE"""),"") | N34: =IFERROR(__xludf.DUMMYFUNCTION("""COMPUTED_VALUE"""),"") | O34: =IFERROR(__xludf.DUMMYFUNCTION("""COMPUTED_VALUE"""),"") | P34: =IFERROR(__xludf.DUMMYFUNCTION("""COMPUTED_VALUE"""),"") | Q34: =IFERROR(__xludf.DUMMYFUNCTION("""COMPUTED_VALUE"""),"") | ... Y34: =IFERROR(__xludf.DUMMYFUNCTION("""COMPUTED_VALUE"""),"")
A35: =IFERROR(__xludf.DUMMYFUNCTION("""COMPUTED_VALUE"""),"S12") -> S12 | B35: =IFERROR(__xludf.DUMMYFUNCTION("""COMPUTED_VALUE"""),"ON/OFF SOLENOID VALVE") -> ON/OFF SOLENOID VALVE | C35: =IFERROR(__xludf.DUMMYFUNCTION("""COMPUTED_VALUE"""),"TOP CLAMP BACK UP CHANGEOVER VALVE") -> TOP CLAMP BACK UP CHANGEOVER VALVE | D35: =IFERROR(__xludf.DUMMYFUNCTION("""COMPUTED_VALUE"""),"24VDC 29W") -> 24VDC 29W | E35: =IFERROR(__xludf.DUMMYFUNCTION("""COMPUTED_VALUE"""),"NA ") -> NA | F35: =IFERROR(__xludf.DUMMYFUNCTION("""COMPUTED_VALUE"""),"NA ") -> NA | G35: =IFERROR(__xludf.DUMMYFUNCTION("""COMPUTED_VALUE"""),"02-175803") -> 02-175803 | H35: =IFERROR(__xludf.DUMMYFUNCTION("""COMPUTED_VALUE"""),36) -> 36 | I35: =IFERROR(__xludf.DUMMYFUNCTION("""COMPUTED_VALUE"""),"DEUTSCH DTO4-2P (CONNECTOR INCLUDED)") -> DEUTSCH DTO4-2P (CONNECTOR INCLUDED) | J35: =IFERROR(__xludf.DUMMYFUNCTION("""COMPUTED_VALUE"""),"") | K35: =IFERROR(__xludf.DUMMYFUNCTION("""COMPUTED_VALUE"""),"") | L35: =IFERROR(__xludf.DUMMYFUNCTION("""COMPUTED_VALUE"""),"") | M35: =IFERROR(__xludf.DUMMYFUNCTION("""COMPUTED_VALUE"""),"") | N35: =IFERROR(__xludf.DUMMYFUNCTION("""COMPUTED_VALUE"""),"") | O35: =IFERROR(__xludf.DUMMYFUNCTION("""COMPUTED_VALUE"""),"") | P35: =IFERROR(__xludf.DUMMYFUNCTION("""COMPUTED_VALUE"""),"") | Q35: =IFERROR(__xludf.DUMMYFUNCTION("""COMPUTED_VALUE"""),"") | ... Y35: =IFERROR(__xludf.DUMMYFUNCTION("""COMPUTED_VALUE"""),"")
A36: =IFERROR(__xludf.DUMMYFUNCTION("""COMPUTED_VALUE"""),"S13.1 ") -> S13.1 | B36: =IFERROR(__xludf.DUMMYFUNCTION("""COMPUTED_VALUE"""),"ON/OFF SOLENOID VALVE") -> ON/OFF SOLENOID VALVE | C36: =IFERROR(__xludf.DUMMYFUNCTION("""COMPUTED_VALUE"""),"STRONG BACK BACKUP OPEN FUNCTION") -> STRONG BACK BACKUP OPEN FUNCTION | D36: =IFERROR(__xludf.DUMMYFUNCTION("""COMPUTED_VALUE"""),"24VDC 36W") -> 24VDC 36W | E36: =IFERROR(__xludf.DUMMYFUNCTION("""COMPUTED_VALUE"""),"NA ") -> NA | F36: =IFERROR(__xludf.DUMMYFUNCTION("""COMPUTED_VALUE"""),"NA ") -> NA | G36: =IFERROR(__xludf.DUMMYFUNCTION("""COMPUTED_VALUE"""),"02-414486") -> 02-414486 | H36: =IFERROR(__xludf.DUMMYFUNCTION("""COMPUTED_VALUE"""),34) -> 34 | I36: =IFERROR(__xludf.DUMMYFUNCTION("""COMPUTED_VALUE"""),"DEUTSCH DTO4-2P (CONNECTOR INCLUDED)") -> DEUTSCH DTO4-2P (CONNECTOR INCLUDED) | J36: =IFERROR(__xludf.DUMMYFUNCTION("""COMPUTED_VALUE"""),"") | K36: =IFERROR(__xludf.DUMMYFUNCTION("""COMPUTED_VALUE"""),"") | L36: =IFERROR(__xludf.DUMMYFUNCTION("""COMPUTED_VALUE"""),"") | M36: =IFERROR(__xludf.DUMMYFUNCTION("""COMPUTED_VALUE"""),"") | N36: =IFERROR(__xludf.DUMMYFUNCTION("""COMPUTED_VALUE"""),"") | O36: =IFERROR(__xludf.DUMMYFUNCTION("""COMPUTED_VALUE"""),"") | P36: =IFERROR(__xludf.DUMMYFUNCTION("""COMPUTED_VALUE"""),"") | Q36: =IFERROR(__xludf.DUMMYFUNCTION("""COMPUTED_VALUE"""),"") | ... Y36: =IFERROR(__xludf.DUMMYFUNCTION("""COMPUTED_VALUE"""),"")
A37: =IFERROR(__xludf.DUMMYFUNCTION("""COMPUTED_VALUE"""),"S13.2") -> S13.2 | B37: =IFERROR(__xludf.DUMMYFUNCTION("""COMPUTED_VALUE"""),"ON/OFF SOLENOID VALVE") -> ON/OFF SOLENOID VALVE | C37: =IFERROR(__xludf.DUMMYFUNCTION("""COMPUTED_VALUE"""),"STRONG BACK BACKUP CLOSE FUNCTION") -> STRONG BACK BACKUP CLOSE FUNCTION | D37: =IFERROR(__xludf.DUMMYFUNCTION("""COMPUTED_VALUE"""),"24VDC 36W") -> 24VDC 36W | E37: =IFERROR(__xludf.DUMMYFUNCTION("""COMPUTED_VALUE"""),"NA ") -> NA | F37: =IFERROR(__xludf.DUMMYFUNCTION("""COMPUTED_VALUE"""),"NA ") -> NA | G37: =IFERROR(__xludf.DUMMYFUNCTION("""COMPUTED_VALUE"""),"02-414486") -> 02-414486 | H37: =IFERROR(__xludf.DUMMYFUNCTION("""COMPUTED_VALUE"""),34) -> 34 | I37: =IFERROR(__xludf.DUMMYFUNCTION("""COMPUTED_VALUE"""),"DEUTSCH DTO4-2P (CONNECTOR INCLUDED)") -> DEUTSCH DTO4-2P (CONNECTOR INCLUDED) | J37: =IFERROR(__xludf.DUMMYFUNCTION("""COMPUTED_VALUE"""),"") | K37: =IFERROR(__xludf.DUMMYFUNCTION("""COMPUTED_VALUE"""),"") | L37: =IFERROR(__xludf.DUMMYFUNCTION("""COMPUTED_VALUE"""),"") | M37: =IFERROR(__xludf.DUMMYFUNCTION("""COMPUTED_VALUE"""),"") | N37: =IFERROR(__xludf.DUMMYFUNCTION("""COMPUTED_VALUE"""),"") | O37: =IFERROR(__xludf.DUMMYFUNCTION("""COMPUTED_VALUE"""),"") | P37: =IFERROR(__xludf.DUMMYFUNCTION("""COMPUTED_VALUE"""),"") | Q37: =IFERROR(__xludf.DUMMYFUNCTION("""COMPUTED_VALUE"""),"") | ... Y37: =IFERROR(__xludf.DUMMYFUNCTION("""COMPUTED_VALUE"""),"")
A38: =IFERROR(__xludf.DUMMYFUNCTION("""COMPUTED_VALUE"""),"S14") -> S14 | B38: =IFERROR(__xludf.DUMMYFUNCTION("""COMPUTED_VALUE"""),"ON/OFF SOLENOID VALVE") -> ON/OFF SOLENOID VALVE | C38: =IFERROR(__xludf.DUMMYFUNCTION("""COMPUTED_VALUE"""),"STRONG BACK BACKUP CHANGE OVER VALVE") -> STRONG BACK BACKUP CHANGE OVER VALVE | D38: =IFERROR(__xludf.DUMMYFUNCTION("""COMPUTED_VALUE"""),"24VDC 29W") -> 24VDC 29W | E38: =IFERROR(__xludf.DUMMYFUNCTION("""COMPUTED_VALUE"""),"NA ") -> NA | F38: =IFERROR(__xludf.DUMMYFUNCTION("""COMPUTED_VALUE"""),"NA ") -> NA | G38: =IFERROR(__xludf.DUMMYFUNCTION("""COMPUTED_VALUE"""),"02-175803") -> 02-175803 | H38: =IFERROR(__xludf.DUMMYFUNCTION("""COMPUTED_VALUE"""),36) -> 36 | I38: =IFERROR(__xludf.DUMMYFUNCTION("""COMPUTED_VALUE"""),"DEUTSCH DTO4-2P (CONNECTOR INCLUDED)") -> DEUTSCH DTO4-2P (CONNECTOR INCLUDED) | J38: =IFERROR(__xludf.DUMMYFUNCTION("""COMPUTED_VALUE"""),"") | K38: =IFERROR(__xludf.DUMMYFUNCTION("""COMPUTED_VALUE"""),"") | L38: =IFERROR(__xludf.DUMMYFUNCTION("""COMPUTED_VALUE"""),"") | M38: =IFERROR(__xludf.DUMMYFUNCTION("""COMPUTED_VALUE"""),"") | N38: =IFERROR(__xludf.DUMMYFUNCTION("""COMPUTED_VALUE"""),"") | O38: =IFERROR(__xludf.DUMMYFUNCTION("""COMPUTED_VALUE"""),"") | P38: =IFERROR(__xludf.DUMMYFUNCTION("""COMPUTED_VALUE"""),"") | Q38: =IFERROR(__xludf.DUMMYFUNCTION("""COMPUTED_VALUE"""),"") | ... Y38: =IFERROR(__xludf.DUMMYFUNCTION("""COMPUTED_VALUE"""),"")
A39: =IFERROR(__xludf.DUMMYFUNCTION("""COMPUTED_VALUE"""),"S15") -> S15 | B39: =IFERROR(__xludf.DUMMYFUNCTION("""COMPUTED_VALUE"""),"ON/OFF SOLENOID VALVE") -> ON/OFF SOLENOID VALVE | C39: =IFERROR(__xludf.DUMMYFUNCTION("""COMPUTED_VALUE"""),"STRONG BACK BACKUP CHANGE OVER VALVE") -> STRONG BACK BACKUP CHANGE OVER VALVE | D39: =IFERROR(__xludf.DUMMYFUNCTION("""COMPUTED_VALUE"""),"24VDC 29W") -> 24VDC 29W | E39: =IFERROR(__xludf.DUMMYFUNCTION("""COMPUTED_VALUE"""),"NA ") -> NA | F39: =IFERROR(__xludf.DUMMYFUNCTION("""COMPUTED_VALUE"""),"NA ") -> NA | G39: =IFERROR(__xludf.DUMMYFUNCTION("""COMPUTED_VALUE"""),"02-175803") -> 02-175803 | H39: =IFERROR(__xludf.DUMMYFUNCTION("""COMPUTED_VALUE"""),36) -> 36 | I39: =IFERROR(__xludf.DUMMYFUNCTION("""COMPUTED_VALUE"""),"DEUTSCH DTO4-2P (CONNECTOR INCLUDED)") -> DEUTSCH DTO4-2P (CONNECTOR INCLUDED) | J39: =IFERROR(__xludf.DUMMYFUNCTION("""COMPUTED_VALUE"""),"") | K39: =IFERROR(__xludf.DUMMYFUNCTION("""COMPUTED_VALUE"""),"") | L39: =IFERROR(__xludf.DUMMYFUNCTION("""COMPUTED_VALUE"""),"") | M39: =IFERROR(__xludf.DUMMYFUNCTION("""COMPUTED_VALUE"""),"") | N39: =IFERROR(__xludf.DUMMYFUNCTION("""COMPUTED_VALUE"""),"") | O39: =IFERROR(__xludf.DUMMYFUNCTION("""COMPUTED_VALUE"""),"") | P39: =IFERROR(__xludf.DUMMYFUNCTION("""COMPUTED_VALUE"""),"") | Q39: =IFERROR(__xludf.DUMMYFUNCTION("""COMPUTED_VALUE"""),"") | ... Y39: =IFERROR(__xludf.DUMMYFUNCTION("""COMPUTED_VALUE"""),"")
A40: =IFERROR(__xludf.DUMMYFUNCTION("""COMPUTED_VALUE"""),"") | B40: =IFERROR(__xludf.DUMMYFUNCTION("""COMPUTED_VALUE"""),"1069-03-01 ") -> 1069-03-01 | C40: =IFERROR(__xludf.DUMMYFUNCTION("""COMPUTED_VALUE"""),"HOLD DOWN 1 MANIFOLD") -> HOLD DOWN 1 MANIFOLD | D40: =IFERROR(__xludf.DUMMYFUNCTION("""COMPUTED_VALUE"""),"") | E40: =IFERROR(__xludf.DUMMYFUNCTION("""COMPUTED_VALUE"""),"") | F40: =IFERROR(__xludf.DUMMYFUNCTION("""COMPUTED_VALUE"""),"") | G40: =IFERROR(__xludf.DUMMYFUNCTION("""COMPUTED_VALUE"""),"") | H40: =IFERROR(__xludf.DUMMYFUNCTION("""COMPUTED_VALUE"""),"") | I40: =IFERROR(__xludf.DUMMYFUNCTION("""COMPUTED_VALUE"""),"") | J40: =IFERROR(__xludf.DUMMYFUNCTION("""COMPUTED_VALUE"""),"") | K40: =IFERROR(__xludf.DUMMYFUNCTION("""COMPUTED_VALUE"""),"") | ... Y40: =IFERROR(__xludf.DUMMYFUNCTION("""COMPUTED_VALUE"""),"")
A41: =IFERROR(__xludf.DUMMYFUNCTION("""COMPUTED_VALUE"""),"PT-4") -> PT-4 | B41: =IFERROR(__xludf.DUMMYFUNCTION("""COMPUTED_VALUE"""),"PRESSURE TRANSDUCER (0-400 BAR)") -> PRESSURE TRANSDUCER (0-400 BAR) | C41: =IFERROR(__xludf.DUMMYFUNCTION("""COMPUTED_VALUE"""),"HOLD DOWN RING MAIN PRESSURE SENSOR") -> HOLD DOWN RING MAIN PRESSURE SENSOR | D41: =IFERROR(__xludf.DUMMYFUNCTION("""COMPUTED_VALUE"""),"24VDC") -> 24VDC | E41: =IFERROR(__xludf.DUMMYFUNCTION("""COMPUTED_VALUE"""),"4..20mA") -> 4..20mA | F41: =IFERROR(__xludf.DUMMYFUNCTION("""COMPUTED_VALUE"""),"NA") -> NA | G41: =IFERROR(__xludf.DUMMYFUNCTION("""COMPUTED_VALUE"""),"PT5400") -> PT5400 | H41: =IFERROR(__xludf.DUMMYFUNCTION("""COMPUTED_VALUE"""),24) -> 24 | I41: =IFERROR(__xludf.DUMMYFUNCTION("""COMPUTED_VALUE"""),"M12") -> M12 | J41: =IFERROR(__xludf.DUMMYFUNCTION("""COMPUTED_VALUE"""),"") | K41: =IFERROR(__xludf.DUMMYFUNCTION("""COMPUTED_VALUE"""),"") | L41: =IFERROR(__xludf.DUMMYFUNCTION("""COMPUTED_VALUE"""),"") | M41: =IFERROR(__xludf.DUMMYFUNCTION("""COMPUTED_VALUE"""),"") | N41: =IFERROR(__xludf.DUMMYFUNCTION("""COMPUTED_VALUE"""),"") | O41: =IFERROR(__xludf.DUMMYFUNCTION("""COMPUTED_VALUE"""),"") | P41: =IFERROR(__xludf.DUMMYFUNCTION("""COMPUTED_VALUE"""),"") | Q41: =IFERROR(__xludf.DUMMYFUNCTION("""COMPUTED_VALUE"""),"") | ... Y41: =IFERROR(__xludf.DUMMYFUNCTION("""COMPUTED_VALUE"""),"")
A42: =IFERROR(__xludf.DUMMYFUNCTION("""COMPUTED_VALUE"""),"PTA-1") -> PTA-1 | B42: =IFERROR(__xludf.DUMMYFUNCTION("""COMPUTED_VALUE"""),"PRESSURE TRANSDUCER (0-400 BAR)") -> PRESSURE TRANSDUCER (0-400 BAR) | C42: =IFERROR(__xludf.DUMMYFUNCTION("""COMPUTED_VALUE"""),"HOLD DOWN CYLINDER 1 FRONT END PRESSURE SENSOR") -> HOLD DOWN CYLINDER 1 FRONT END PRESSURE SENSOR | D42: =IFERROR(__xludf.DUMMYFUNCTION("""COMPUTED_VALUE"""),"24VDC") -> 24VDC | E42: =IFERROR(__xludf.DUMMYFUNCTION("""COMPUTED_VALUE"""),"4..20mA") -> 4..20mA | F42: =IFERROR(__xludf.DUMMYFUNCTION("""COMPUTED_VALUE"""),"NA") -> NA | G42: =IFERROR(__xludf.DUMMYFUNCTION("""COMPUTED_VALUE"""),"PT5400") -> PT5400 | H42: =IFERROR(__xludf.DUMMYFUNCTION("""COMPUTED_VALUE"""),24) -> 24 | I42: =IFERROR(__xludf.DUMMYFUNCTION("""COMPUTED_VALUE"""),"M12") -> M12 | J42: =IFERROR(__xludf.DUMMYFUNCTION("""COMPUTED_VALUE"""),"") | K42: =IFERROR(__xludf.DUMMYFUNCTION("""COMPUTED_VALUE"""),"") | L42: =IFERROR(__xludf.DUMMYFUNCTION("""COMPUTED_VALUE"""),"") | M42: =IFERROR(__xludf.DUMMYFUNCTION("""COMPUTED_VALUE"""),"") | N42: =IFERROR(__xludf.DUMMYFUNCTION("""COMPUTED_VALUE"""),"") | O42: =IFERROR(__xludf.DUMMYFUNCTION("""COMPUTED_VALUE"""),"") | P42: =IFERROR(__xludf.DUMMYFUNCTION("""COMPUTED_VALUE"""),"") | Q42: =IFERROR(__xludf.DUMMYFUNCTION("""COMPUTED_VALUE"""),"") | ... Y42: =IFERROR(__xludf.DUMMYFUNCTION("""COMPUTED_VALUE"""),"")
A43: =IFERROR(__xludf.DUMMYFUNCTION("""COMPUTED_VALUE"""),"PTB-1") -> PTB-1 | B43: =IFERROR(__xludf.DUMMYFUNCTION("""COMPUTED_VALUE"""),"PRESSURE TRANSDUCER (0-400 BAR)") -> PRESSURE TRANSDUCER (0-400 BAR) | C43: =IFERROR(__xludf.DUMMYFUNCTION("""COMPUTED_VALUE"""),"HOLD DOWN CYLINDER 1 BACK END PRESSURE SENSOR") -> HOLD DOWN CYLINDER 1 BACK END PRESSURE SENSOR | D43: =IFERROR(__xludf.DUMMYFUNCTION("""COMPUTED_VALUE"""),"24VDC") -> 24VDC | E43: =IFERROR(__xludf.DUMMYFUNCTION("""COMPUTED_VALUE"""),"4..20mA") -> 4..20mA | F43: =IFERROR(__xludf.DUMMYFUNCTION("""COMPUTED_VALUE"""),"NA") -> NA | G43: =IFERROR(__xludf.DUMMYFUNCTION("""COMPUTED_VALUE"""),"PT5400") -> PT5400 | H43: =IFERROR(__xludf.DUMMYFUNCTION("""COMPUTED_VALUE"""),24) -> 24 | I43: =IFERROR(__xludf.DUMMYFUNCTION("""COMPUTED_VALUE"""),"M12") -> M12 | J43: =IFERROR(__xludf.DUMMYFUNCTION("""COMPUTED_VALUE"""),"") | K43: =IFERROR(__xludf.DUMMYFUNCTION("""COMPUTED_VALUE"""),"") | L43: =IFERROR(__xludf.DUMMYFUNCTION("""COMPUTED_VALUE"""),"") | M43: =IFERROR(__xludf.DUMMYFUNCTION("""COMPUTED_VALUE"""),"") | N43: =IFERROR(__xludf.DUMMYFUNCTION("""COMPUTED_VALUE"""),"") | O43: =IFERROR(__xludf.DUMMYFUNCTION("""COMPUTED_VALUE"""),"") | P43: =IFERROR(__xludf.DUMMYFUNCTION("""COMPUTED_VALUE"""),"") | Q43: =IFERROR(__xludf.DUMMYFUNCTION("""COMPUTED_VALUE"""),"") | ... Y43: =IFERROR(__xludf.DUMMYFUNCTION("""COMPUTED_VALUE"""),"")
A44: =IFERROR(__xludf.DUMMYFUNCTION("""COMPUTED_VALUE"""),"PTAC-1") -> PTAC-1 | B44: =IFERROR(__xludf.DUMMYFUNCTION("""COMPUTED_VALUE"""),"PRESSURE TRANSDUCER (0-400 BAR)") -> PRESSURE TRANSDUCER (0-400 BAR) | C44: =IFERROR(__xludf.DUMMYFUNCTION("""COMPUTED_VALUE"""),"HOLD DOWN ACCUMULATOR 1 GAS PRESSURE SENSOR") -> HOLD DOWN ACCUMULATOR 1 GAS PRESSURE SENSOR | D44: =IFERROR(__xludf.DUMMYFUNCTION("""COMPUTED_VALUE"""),"24VDC") -> 24VDC | E44: =IFERROR(__xludf.DUMMYFUNCTION("""COMPUTED_VALUE"""),"4..20mA") -> 4..20mA | F44: =IFERROR(__xludf.DUMMYFUNCTION("""COMPUTED_VALUE"""),"NA") -> NA | G44: =IFERROR(__xludf.DUMMYFUNCTION("""COMPUTED_VALUE"""),"PT5400") -> PT5400 | H44: =IFERROR(__xludf.DUMMYFUNCTION("""COMPUTED_VALUE"""),24) -> 24 | I44: =IFERROR(__xludf.DUMMYFUNCTION("""COMPUTED_VALUE"""),"M12") -> M12 | J44: =IFERROR(__xludf.DUMMYFUNCTION("""COMPUTED_VALUE"""),"") | K44: =IFERROR(__xludf.DUMMYFUNCTION("""COMPUTED_VALUE"""),"") | L44: =IFERROR(__xludf.DUMMYFUNCTION("""COMPUTED_VALUE"""),"") | M44: =IFERROR(__xludf.DUMMYFUNCTION("""COMPUTED_VALUE"""),"") | N44: =IFERROR(__xludf.DUMMYFUNCTION("""COMPUTED_VALUE"""),"") | O44: =IFERROR(__xludf.DUMMYFUNCTION("""COMPUTED_VALUE"""),"") | P44: =IFERROR(__xludf.DUMMYFUNCTION("""COMPUTED_VALUE"""),"") | Q44: =IFERROR(__xludf.DUMMYFUNCTION("""COMPUTED_VALUE"""),"") | ... Y44: =IFERROR(__xludf.DUMMYFUNCTION("""COMPUTED_VALUE"""),"")
A45: =IFERROR(__xludf.DUMMYFUNCTION("""COMPUTED_VALUE"""),"SWAC-1-O") -> SWAC-1-O | B45: =IFERROR(__xludf.DUMMYFUNCTION("""COMPUTED_VALUE"""),"LIMIT SWITCH") -> LIMIT SWITCH | C45: =IFERROR(__xludf.DUMMYFUNCTION("""COMPUTED_VALUE"""),"HD ACC 1 ISOLATION BALL VALVE OPEN") -> HD ACC 1 ISOLATION BALL VALVE OPEN | D45: =IFERROR(__xludf.DUMMYFUNCTION("""COMPUTED_VALUE"""),"") | E45: =IFERROR(__xludf.DUMMYFUNCTION("""COMPUTED_VALUE"""),"") | F45: =IFERROR(__xludf.DUMMYFUNCTION("""COMPUTED_VALUE"""),"") | G45: =IFERROR(__xludf.DUMMYFUNCTION("""COMPUTED_VALUE"""),"") | H45: =IFERROR(__xludf.DUMMYFUNCTION("""COMPUTED_VALUE"""),"") | I45: =IFERROR(__xludf.DUMMYFUNCTION("""COMPUTED_VALUE"""),"WIRING TO TERMINAL BOX") -> WIRING TO TERMINAL BOX | J45: =IFERROR(__xludf.DUMMYFUNCTION("""COMPUTED_VALUE"""),"") | K45: =IFERROR(__xludf.DUMMYFUNCTION("""COMPUTED_VALUE"""),"") | L45: =IFERROR(__xludf.DUMMYFUNCTION("""COMPUTED_VALUE"""),"") | M45: =IFERROR(__xludf.DUMMYFUNCTION("""COMPUTED_VALUE"""),"") | N45: =IFERROR(__xludf.DUMMYFUNCTION("""COMPUTED_VALUE"""),"") | O45: =IFERROR(__xludf.DUMMYFUNCTION("""COMPUTED_VALUE"""),"") | P45: =IFERROR(__xludf.DUMMYFUNCTION("""COMPUTED_VALUE"""),"") | Q45: =IFERROR(__xludf.DUMMYFUNCTION("""COMPUTED_VALUE"""),"") | ... Y45: =IFERROR(__xludf.DUMMYFUNCTION("""COMPUTED_VALUE"""),"")
A46: =IFERROR(__xludf.DUMMYFUNCTION("""COMPUTED_VALUE"""),"SWAC-1-C") -> SWAC-1-C | B46: =IFERROR(__xludf.DUMMYFUNCTION("""COMPUTED_VALUE"""),"LIMIT SWITCH") -> LIMIT SWITCH | C46: =IFERROR(__xludf.DUMMYFUNCTION("""COMPUTED_VALUE"""),"HD ACC 1 ISOLATION BALL VALVE CLOSED") -> HD ACC 1 ISOLATION BALL VALVE CLOSED | D46: =IFERROR(__xludf.DUMMYFUNCTION("""COMPUTED_VALUE"""),"") | E46: =IFERROR(__xludf.DUMMYFUNCTION("""COMPUTED_VALUE"""),"") | F46: =IFERROR(__xludf.DUMMYFUNCTION("""COMPUTED_VALUE"""),"") | G46: =IFERROR(__xludf.DUMMYFUNCTION("""COMPUTED_VALUE"""),"") | H46: =IFERROR(__xludf.DUMMYFUNCTION("""COMPUTED_VALUE"""),"") | I46: =IFERROR(__xludf.DUMMYFUNCTION("""COMPUTED_VALUE"""),"WIRING TO TERMINAL BOX") -> WIRING TO TERMINAL BOX | J46: =IFERROR(__xludf.DUMMYFUNCTION("""COMPUTED_VALUE"""),"") | K46: =IFERROR(__xludf.DUMMYFUNCTION("""COMPUTED_VALUE"""),"") | L46: =IFERROR(__xludf.DUMMYFUNCTION("""COMPUTED_VALUE"""),"") | M46: =IFERROR(__xludf.DUMMYFUNCTION("""COMPUTED_VALUE"""),"") | N46: =IFERROR(__xludf.DUMMYFUNCTION("""COMPUTED_VALUE"""),"") | O46: =IFERROR(__xludf.DUMMYFUNCTION("""COMPUTED_VALUE"""),"") | P46: =IFERROR(__xludf.DUMMYFUNCTION("""COMPUTED_VALUE"""),"") | Q46: =IFERROR(__xludf.DUMMYFUNCTION("""COMPUTED_VALUE"""),"") | ... Y46: =IFERROR(__xludf.DUMMYFUNCTION("""COMPUTED_VALUE"""),"")
A47: =IFERROR(__xludf.DUMMYFUNCTION("""COMPUTED_VALUE"""),"SW16") -> SW16 | B47: =IFERROR(__xludf.DUMMYFUNCTION("""COMPUTED_VALUE"""),"POSITION SENSOR") -> POSITION SENSOR | C47: =IFERROR(__xludf.DUMMYFUNCTION("""COMPUTED_VALUE"""),"HD RING MAIN SOLENOID DRAIN VALVE POSITION SENSOR") -> HD RING MAIN SOLENOID DRAIN VALVE POSITION SENSOR | D47: =IFERROR(__xludf.DUMMYFUNCTION("""COMPUTED_VALUE"""),"24VDC NC") -> 24VDC NC | E47: =IFERROR(__xludf.DUMMYFUNCTION("""COMPUTED_VALUE"""),"NA") -> NA | F47: =IFERROR(__xludf.DUMMYFUNCTION("""COMPUTED_VALUE"""),"NA") -> NA | G47: =IFERROR(__xludf.DUMMYFUNCTION("""COMPUTED_VALUE"""),"SV58-P20-0-P-0-M3") -> SV58-P20-0-P-0-M3 | H47: =IFERROR(__xludf.DUMMYFUNCTION("""COMPUTED_VALUE"""),45) -> 45 | I47: =IFERROR(__xludf.DUMMYFUNCTION("""COMPUTED_VALUE"""),"M12") -> M12 | J47: =IFERROR(__xludf.DUMMYFUNCTION("""COMPUTED_VALUE"""),"") | K47: =IFERROR(__xludf.DUMMYFUNCTION("""COMPUTED_VALUE"""),"") | L47: =IFERROR(__xludf.DUMMYFUNCTION("""COMPUTED_VALUE"""),"") | M47: =IFERROR(__xludf.DUMMYFUNCTION("""COMPUTED_VALUE"""),"") | N47: =IFERROR(__xludf.DUMMYFUNCTION("""COMPUTED_VALUE"""),"") | O47: =IFERROR(__xludf.DUMMYFUNCTION("""COMPUTED_VALUE"""),"") | P47: =IFERROR(__xludf.DUMMYFUNCTION("""COMPUTED_VALUE"""),"") | Q47: =IFERROR(__xludf.DUMMYFUNCTION("""COMPUTED_VALUE"""),"") | ... Y47: =IFERROR(__xludf.DUMMYFUNCTION("""COMPUTED_VALUE"""),"")
A48: =IFERROR(__xludf.DUMMYFUNCTION("""COMPUTED_VALUE"""),"S16") -> S16 | B48: =IFERROR(__xludf.DUMMYFUNCTION("""COMPUTED_VALUE"""),"ON/OFF SOLENOID VALVE") -> ON/OFF SOLENOID VALVE | C48: =IFERROR(__xludf.DUMMYFUNCTION("""COMPUTED_VALUE"""),"HD RING MAIN SOLENOID DRAIN (NORMALLY CLOSED)") -> HD RING MAIN SOLENOID DRAIN (NORMALLY CLOSED) | D48: =IFERROR(__xludf.DUMMYFUNCTION("""COMPUTED_VALUE"""),"24VDC 17W") -> 24VDC 17W | E48: =IFERROR(__xludf.DUMMYFUNCTION("""COMPUTED_VALUE"""),"NA") -> NA | F48: =IFERROR(__xludf.DUMMYFUNCTION("""COMPUTED_VALUE"""),"NA") -> NA | G48: =IFERROR(__xludf.DUMMYFUNCTION("""COMPUTED_VALUE"""),"SV58-P20-0-P-0-M3") -> SV58-P20-0-P-0-M3 | H48: =IFERROR(__xludf.DUMMYFUNCTION("""COMPUTED_VALUE"""),45) -> 45 | I48: =IFERROR(__xludf.DUMMYFUNCTION("""COMPUTED_VALUE"""),"DEUTSCH DTO4-2P (CONNECTOR INCLUDED)") -> DEUTSCH DTO4-2P (CONNECTOR INCLUDED) | J48: =IFERROR(__xludf.DUMMYFUNCTION("""COMPUTED_VALUE"""),"") | K48: =IFERROR(__xludf.DUMMYFUNCTION("""COMPUTED_VALUE"""),"") | L48: =IFERROR(__xludf.DUMMYFUNCTION("""COMPUTED_VALUE"""),"") | M48: =IFERROR(__xludf.DUMMYFUNCTION("""COMPUTED_VALUE"""),"") | N48: =IFERROR(__xludf.DUMMYFUNCTION("""COMPUTED_VALUE"""),"") | O48: =IFERROR(__xludf.DUMMYFUNCTION("""COMPUTED_VALUE"""),"") | P48: =IFERROR(__xludf.DUMMYFUNCTION("""COMPUTED_VALUE"""),"") | Q48: =IFERROR(__xludf.DUMMYFUNCTION("""COMPUTED_VALUE"""),"") | ... Y48: =IFERROR(__xludf.DUMMYFUNCTION("""COMPUTED_VALUE"""),"")
A49: =IFERROR(__xludf.DUMMYFUNCTION("""COMPUTED_VALUE"""),"S17") -> S17 | B49: =IFERROR(__xludf.DUMMYFUNCTION("""COMPUTED_VALUE"""),"ON/OFF SOLENOID VALVE") -> ON/OFF SOLENOID VALVE | C49: =IFERROR(__xludf.DUMMYFUNCTION("""COMPUTED_VALUE"""),"HD CYLINDER 1 FAST RETRACT PILOT VALVE 1") -> HD CYLINDER 1 FAST RETRACT PILOT VALVE 1 | D49: =IFERROR(__xludf.DUMMYFUNCTION("""COMPUTED_VALUE"""),"24VDC 38W") -> 24VDC 38W | E49: =IFERROR(__xludf.DUMMYFUNCTION("""COMPUTED_VALUE"""),"NA") -> NA | F49: =IFERROR(__xludf.DUMMYFUNCTION("""COMPUTED_VALUE"""),"NA") -> NA | G49: =IFERROR(__xludf.DUMMYFUNCTION("""COMPUTED_VALUE"""),"6042893-014") -> 6042893-014 | H49: =IFERROR(__xludf.DUMMYFUNCTION("""COMPUTED_VALUE"""),50) -> 50 | I49: =IFERROR(__xludf.DUMMYFUNCTION("""COMPUTED_VALUE"""),"DEUTSCH DTO4-2P (CONNECTOR INCLUDED)") -> DEUTSCH DTO4-2P (CONNECTOR INCLUDED) | J49: =IFERROR(__xludf.DUMMYFUNCTION("""COMPUTED_VALUE"""),"") | K49: =IFERROR(__xludf.DUMMYFUNCTION("""COMPUTED_VALUE"""),"") | L49: =IFERROR(__xludf.DUMMYFUNCTION("""COMPUTED_VALUE"""),"") | M49: =IFERROR(__xludf.DUMMYFUNCTION("""COMPUTED_VALUE"""),"") | N49: =IFERROR(__xludf.DUMMYFUNCTION("""COMPUTED_VALUE"""),"") | O49: =IFERROR(__xludf.DUMMYFUNCTION("""COMPUTED_VALUE"""),"") | P49: =IFERROR(__xludf.DUMMYFUNCTION("""COMPUTED_VALUE"""),"") | Q49: =IFERROR(__xludf.DUMMYFUNCTION("""COMPUTED_VALUE"""),"") | ... Y49: =IFERROR(__xludf.DUMMYFUNCTION("""COMPUTED_VALUE"""),"")
A50: =IFERROR(__xludf.DUMMYFUNCTION("""COMPUTED_VALUE"""),"S18") -> S18 | B50: =IFERROR(__xludf.DUMMYFUNCTION("""COMPUTED_VALUE"""),"ON/OFF SOLENOID VALVE") -> ON/OFF SOLENOID VALVE | C50: =IFERROR(__xludf.DUMMYFUNCTION("""COMPUTED_VALUE"""),"HD CYLINDER 1 FAST RETRACT PILOT VALVE 2") -> HD CYLINDER 1 FAST RETRACT PILOT VALVE 2 | D50: =IFERROR(__xludf.DUMMYFUNCTION("""COMPUTED_VALUE"""),"24VDC 38W") -> 24VDC 38W | E50: =IFERROR(__xludf.DUMMYFUNCTION("""COMPUTED_VALUE"""),"NA") -> NA | F50: =IFERROR(__xludf.DUMMYFUNCTION("""COMPUTED_VALUE"""),"NA") -> NA | G50: =IFERROR(__xludf.DUMMYFUNCTION("""COMPUTED_VALUE"""),"6042893-014") -> 6042893-014 | H50: =IFERROR(__xludf.DUMMYFUNCTION("""COMPUTED_VALUE"""),50) -> 50 | I50: =IFERROR(__xludf.DUMMYFUNCTION("""COMPUTED_VALUE"""),"DEUTSCH DTO4-2P (CONNECTOR INCLUDED)") -> DEUTSCH DTO4-2P (CONNECTOR INCLUDED) | J50: =IFERROR(__xludf.DUMMYFUNCTION("""COMPUTED_VALUE"""),"") | K50: =IFERROR(__xludf.DUMMYFUNCTION("""COMPUTED_VALUE"""),"") | L50: =IFERROR(__xludf.DUMMYFUNCTION("""COMPUTED_VALUE"""),"") | M50: =IFERROR(__xludf.DUMMYFUNCTION("""COMPUTED_VALUE"""),"") | N50: =IFERROR(__xludf.DUMMYFUNCTION("""COMPUTED_VALUE"""),"") | O50: =IFERROR(__xludf.DUMMYFUNCTION("""COMPUTED_VALUE"""),"") | P50: =IFERROR(__xludf.DUMMYFUNCTION("""COMPUTED_VALUE"""),"") | Q50: =IFERROR(__xludf.DUMMYFUNCTION("""COMPUTED_VALUE"""),"") | ... Y50: =IFERROR(__xludf.DUMMYFUNCTION("""COMPUTED_VALUE"""),"")
A51: =IFERROR(__xludf.DUMMYFUNCTION("""COMPUTED_VALUE"""),"S25.1 ") -> S25.1 | B51: =IFERROR(__xludf.DUMMYFUNCTION("""COMPUTED_VALUE"""),"ON/OFF SOLENOID VALVE") -> ON/OFF SOLENOID VALVE | C51: =IFERROR(__xludf.DUMMYFUNCTION("""COMPUTED_VALUE"""),"HD CYLINDER 1 SLOW EXTEND") -> HD CYLINDER 1 SLOW EXTEND | D51: =IFERROR(__xludf.DUMMYFUNCTION("""COMPUTED_VALUE"""),"24VDC 36W") -> 24VDC 36W | E51: =IFERROR(__xludf.DUMMYFUNCTION("""COMPUTED_VALUE"""),"NA ") -> NA | F51: =IFERROR(__xludf.DUMMYFUNCTION("""COMPUTED_VALUE"""),"NA ") -> NA | G51: =IFERROR(__xludf.DUMMYFUNCTION("""COMPUTED_VALUE"""),"02-414486") -> 02-414486 | H51: =IFERROR(__xludf.DUMMYFUNCTION("""COMPUTED_VALUE"""),34) -> 34 | I51: =IFERROR(__xludf.DUMMYFUNCTION("""COMPUTED_VALUE"""),"DEUTSCH DTO4-2P (CONNECTOR INCLUDED)") -> DEUTSCH DTO4-2P (CONNECTOR INCLUDED) | J51: =IFERROR(__xludf.DUMMYFUNCTION("""COMPUTED_VALUE"""),"") | K51: =IFERROR(__xludf.DUMMYFUNCTION("""COMPUTED_VALUE"""),"") | L51: =IFERROR(__xludf.DUMMYFUNCTION("""COMPUTED_VALUE"""),"") | M51: =IFERROR(__xludf.DUMMYFUNCTION("""COMPUTED_VALUE"""),"") | N51: =IFERROR(__xludf.DUMMYFUNCTION("""COMPUTED_VALUE"""),"") | O51: =IFERROR(__xludf.DUMMYFUNCTION("""COMPUTED_VALUE"""),"") | P51: =IFERROR(__xludf.DUMMYFUNCTION("""COMPUTED_VALUE"""),"") | Q51: =IFERROR(__xludf.DUMMYFUNCTION("""COMPUTED_VALUE"""),"") | ... Y51: =IFERROR(__xludf.DUMMYFUNCTION("""COMPUTED_VALUE"""),"")
A52: =IFERROR(__xludf.DUMMYFUNCTION("""COMPUTED_VALUE"""),"S25.2") -> S25.2 | B52: =IFERROR(__xludf.DUMMYFUNCTION("""COMPUTED_VALUE"""),"ON/OFF SOLENOID VALVE") -> ON/OFF SOLENOID VALVE | C52: =IFERROR(__xludf.DUMMYFUNCTION("""COMPUTED_VALUE"""),"HD CYLINDER 1 SLOW RETRACT") -> HD CYLINDER 1 SLOW RETRACT | D52: =IFERROR(__xludf.DUMMYFUNCTION("""COMPUTED_VALUE"""),"24VDC 36W") -> 24VDC 36W | E52: =IFERROR(__xludf.DUMMYFUNCTION("""COMPUTED_VALUE"""),"NA ") -> NA | F52: =IFERROR(__xludf.DUMMYFUNCTION("""COMPUTED_VALUE"""),"NA ") -> NA | G52: =IFERROR(__xludf.DUMMYFUNCTION("""COMPUTED_VALUE"""),"02-414486") -> 02-414486 | H52: =IFERROR(__xludf.DUMMYFUNCTION("""COMPUTED_VALUE"""),34) -> 34 | I52: =IFERROR(__xludf.DUMMYFUNCTION("""COMPUTED_VALUE"""),"DEUTSCH DTO4-2P (CONNECTOR INCLUDED)") -> DEUTSCH DTO4-2P (CONNECTOR INCLUDED) | J52: =IFERROR(__xludf.DUMMYFUNCTION("""COMPUTED_VALUE"""),"") | K52: =IFERROR(__xludf.DUMMYFUNCTION("""COMPUTED_VALUE"""),"") | L52: =IFERROR(__xludf.DUMMYFUNCTION("""COMPUTED_VALUE"""),"") | M52: =IFERROR(__xludf.DUMMYFUNCTION("""COMPUTED_VALUE"""),"") | N52: =IFERROR(__xludf.DUMMYFUNCTION("""COMPUTED_VALUE"""),"") | O52: =IFERROR(__xludf.DUMMYFUNCTION("""COMPUTED_VALUE"""),"") | P52: =IFERROR(__xludf.DUMMYFUNCTION("""COMPUTED_VALUE"""),"") | Q52: =IFERROR(__xludf.DUMMYFUNCTION("""COMPUTED_VALUE"""),"") | ... Y52: =IFERROR(__xludf.DUMMYFUNCTION("""COMPUTED_VALUE"""),"")
A53: =IFERROR(__xludf.DUMMYFUNCTION("""COMPUTED_VALUE"""),"") | B53: =IFERROR(__xludf.DUMMYFUNCTION("""COMPUTED_VALUE"""),"1069-04-01 ") -> 1069-04-01 | C53: =IFERROR(__xludf.DUMMYFUNCTION("""COMPUTED_VALUE"""),"HOLD DOWN 2 MANIFOLD") -> HOLD DOWN 2 MANIFOLD | D53: =IFERROR(__xludf.DUMMYFUNCTION("""COMPUTED_VALUE"""),"") | E53: =IFERROR(__xludf.DUMMYFUNCTION("""COMPUTED_VALUE"""),"") | F53: =IFERROR(__xludf.DUMMYFUNCTION("""COMPUTED_VALUE"""),"") | G53: =IFERROR(__xludf.DUMMYFUNCTION("""COMPUTED_VALUE"""),"") | H53: =IFERROR(__xludf.DUMMYFUNCTION("""COMPUTED_VALUE"""),"") | I53: =IFERROR(__xludf.DUMMYFUNCTION("""COMPUTED_VALUE"""),"") | J53: =IFERROR(__xludf.DUMMYFUNCTION("""COMPUTED_VALUE"""),"") | K53: =IFERROR(__xludf.DUMMYFUNCTION("""COMPUTED_VALUE"""),"") | ... Y53: =IFERROR(__xludf.DUMMYFUNCTION("""COMPUTED_VALUE"""),"")
A54: =IFERROR(__xludf.DUMMYFUNCTION("""COMPUTED_VALUE"""),"PTA-2") -> PTA-2 | B54: =IFERROR(__xludf.DUMMYFUNCTION("""COMPUTED_VALUE"""),"PRESSURE TRANSDUCER (0-400 BAR)") -> PRESSURE TRANSDUCER (0-400 BAR) | C54: =IFERROR(__xludf.DUMMYFUNCTION("""COMPUTED_VALUE"""),"HOLD DOWN CYLINDER 2 FRONT END PRESSURE SENSOR") -> HOLD DOWN CYLINDER 2 FRONT END PRESSURE SENSOR | D54: =IFERROR(__xludf.DUMMYFUNCTION("""COMPUTED_VALUE"""),"24VDC") -> 24VDC | E54: =IFERROR(__xludf.DUMMYFUNCTION("""COMPUTED_VALUE"""),"4..20mA") -> 4..20mA | F54: =IFERROR(__xludf.DUMMYFUNCTION("""COMPUTED_VALUE"""),"NA") -> NA | G54: =IFERROR(__xludf.DUMMYFUNCTION("""COMPUTED_VALUE"""),"PT5400") -> PT5400 | H54: =IFERROR(__xludf.DUMMYFUNCTION("""COMPUTED_VALUE"""),24) -> 24 | I54: =IFERROR(__xludf.DUMMYFUNCTION("""COMPUTED_VALUE"""),"M12") -> M12 | J54: =IFERROR(__xludf.DUMMYFUNCTION("""COMPUTED_VALUE"""),"") | K54: =IFERROR(__xludf.DUMMYFUNCTION("""COMPUTED_VALUE"""),"") | L54: =IFERROR(__xludf.DUMMYFUNCTION("""COMPUTED_VALUE"""),"") | M54: =IFERROR(__xludf.DUMMYFUNCTION("""COMPUTED_VALUE"""),"") | N54: =IFERROR(__xludf.DUMMYFUNCTION("""COMPUTED_VALUE"""),"") | O54: =IFERROR(__xludf.DUMMYFUNCTION("""COMPUTED_VALUE"""),"") | P54: =IFERROR(__xludf.DUMMYFUNCTION("""COMPUTED_VALUE"""),"") | Q54: =IFERROR(__xludf.DUMMYFUNCTION("""COMPUTED_VALUE"""),"") | ... Y54: =IFERROR(__xludf.DUMMYFUNCTION("""COMPUTED_VALUE"""),"")
A55: =IFERROR(__xludf.DUMMYFUNCTION("""COMPUTED_VALUE"""),"PTB-2") -> PTB-2 | B55: =IFERROR(__xludf.DUMMYFUNCTION("""COMPUTED_VALUE"""),"PRESSURE TRANSDUCER (0-400 BAR)") -> PRESSURE TRANSDUCER (0-400 BAR) | C55: =IFERROR(__xludf.DUMMYFUNCTION("""COMPUTED_VALUE"""),"HOLD DOWN CYLINDER 2 BACK END PRESSURE SENSOR") -> HOLD DOWN CYLINDER 2 BACK END PRESSURE SENSOR | D55: =IFERROR(__xludf.DUMMYFUNCTION("""COMPUTED_VALUE"""),"24VDC") -> 24VDC | E55: =IFERROR(__xludf.DUMMYFUNCTION("""COMPUTED_VALUE"""),"4..20mA") -> 4..20mA | F55: =IFERROR(__xludf.DUMMYFUNCTION("""COMPUTED_VALUE"""),"NA") -> NA | G55: =IFERROR(__xludf.DUMMYFUNCTION("""COMPUTED_VALUE"""),"PT5400") -> PT5400 | H55: =IFERROR(__xludf.DUMMYFUNCTION("""COMPUTED_VALUE"""),24) -> 24 | I55: =IFERROR(__xludf.DUMMYFUNCTION("""COMPUTED_VALUE"""),"M12") -> M12 | J55: =IFERROR(__xludf.DUMMYFUNCTION("""COMPUTED_VALUE"""),"") | K55: =IFERROR(__xludf.DUMMYFUNCTION("""COMPUTED_VALUE"""),"") | L55: =IFERROR(__xludf.DUMMYFUNCTION("""COMPUTED_VALUE"""),"") | M55: =IFERROR(__xludf.DUMMYFUNCTION("""COMPUTED_VALUE"""),"") | N55: =IFERROR(__xludf.DUMMYFUNCTION("""COMPUTED_VALUE"""),"") | O55: =IFERROR(__xludf.DUMMYFUNCTION("""COMPUTED_VALUE"""),"") | P55: =IFERROR(__xludf.DUMMYFUNCTION("""COMPUTED_VALUE"""),"") | Q55: =IFERROR(__xludf.DUMMYFUNCTION("""COMPUTED_VALUE"""),"") | ... Y55: =IFERROR(__xludf.DUMMYFUNCTION("""COMPUTED_VALUE"""),"")
A56: =IFERROR(__xludf.DUMMYFUNCTION("""COMPUTED_VALUE"""),"PTAC-2") -> PTAC-2 | B56: =IFERROR(__xludf.DUMMYFUNCTION("""COMPUTED_VALUE"""),"PRESSURE TRANSDUCER (0-400 BAR)") -> PRESSURE TRANSDUCER (0-400 BAR) | C56: =IFERROR(__xludf.DUMMYFUNCTION("""COMPUTED_VALUE"""),"HOLD DOWN ACCUMULATOR 2 GAS PRESSURE SENSOR") -> HOLD DOWN ACCUMULATOR 2 GAS PRESSURE SENSOR | D56: =IFERROR(__xludf.DUMMYFUNCTION("""COMPUTED_VALUE"""),"24VDC") -> 24VDC | E56: =IFERROR(__xludf.DUMMYFUNCTION("""COMPUTED_VALUE"""),"4..20mA") -> 4..20mA | F56: =IFERROR(__xludf.DUMMYFUNCTION("""COMPUTED_VALUE"""),"NA") -> NA | G56: =IFERROR(__xludf.DUMMYFUNCTION("""COMPUTED_VALUE"""),"PT5400") -> PT5400 | H56: =IFERROR(__xludf.DUMMYFUNCTION("""COMPUTED_VALUE"""),24) -> 24 | I56: =IFERROR(__xludf.DUMMYFUNCTION("""COMPUTED_VALUE"""),"M12") -> M12 | J56: =IFERROR(__xludf.DUMMYFUNCTION("""COMPUTED_VALUE"""),"") | K56: =IFERROR(__xludf.DUMMYFUNCTION("""COMPUTED_VALUE"""),"") | L56: =IFERROR(__xludf.DUMMYFUNCTION("""COMPUTED_VALUE"""),"") | M56: =IFERROR(__xludf.DUMMYFUNCTION("""COMPUTED_VALUE"""),"") | N56: =IFERROR(__xludf.DUMMYFUNCTION("""COMPUTED_VALUE"""),"") | O56: =IFERROR(__xludf.DUMMYFUNCTION("""COMPUTED_VALUE"""),"") | P56: =IFERROR(__xludf.DUMMYFUNCTION("""COMPUTED_VALUE"""),"") | Q56: =IFERROR(__xludf.DUMMYFUNCTION("""COMPUTED_VALUE"""),"") | ... Y56: =IFERROR(__xludf.DUMMYFUNCTION("""COMPUTED_VALUE"""),"")
A57: =IFERROR(__xludf.DUMMYFUNCTION("""COMPUTED_VALUE"""),"SWAC-2-O") -> SWAC-2-O | B57: =IFERROR(__xludf.DUMMYFUNCTION("""COMPUTED_VALUE"""),"LIMIT SWITCH") -> LIMIT SWITCH | C57: =IFERROR(__xludf.DUMMYFUNCTION("""COMPUTED_VALUE"""),"HD ACC 2 ISOLATION BALL VALVE OPEN") -> HD ACC 2 ISOLATION BALL VALVE OPEN | D57: =IFERROR(__xludf.DUMMYFUNCTION("""COMPUTED_VALUE"""),"") | E57: =IFERROR(__xludf.DUMMYFUNCTION("""COMPUTED_VALUE"""),"") | F57: =IFERROR(__xludf.DUMMYFUNCTION("""COMPUTED_VALUE"""),"") | G57: =IFERROR(__xludf.DUMMYFUNCTION("""COMPUTED_VALUE"""),"") | H57: =IFERROR(__xludf.DUMMYFUNCTION("""COMPUTED_VALUE"""),"") | I57: =IFERROR(__xludf.DUMMYFUNCTION("""COMPUTED_VALUE"""),"WIRING TO TERMINAL BOX") -> WIRING TO TERMINAL BOX | J57: =IFERROR(__xludf.DUMMYFUNCTION("""COMPUTED_VALUE"""),"") | K57: =IFERROR(__xludf.DUMMYFUNCTION("""COMPUTED_VALUE"""),"") | L57: =IFERROR(__xludf.DUMMYFUNCTION("""COMPUTED_VALUE"""),"") | M57: =IFERROR(__xludf.DUMMYFUNCTION("""COMPUTED_VALUE"""),"") | N57: =IFERROR(__xludf.DUMMYFUNCTION("""COMPUTED_VALUE"""),"") | O57: =IFERROR(__xludf.DUMMYFUNCTION("""COMPUTED_VALUE"""),"") | P57: =IFERROR(__xludf.DUMMYFUNCTION("""COMPUTED_VALUE"""),"") | Q57: =IFERROR(__xludf.DUMMYFUNCTION("""COMPUTED_VALUE"""),"") | ... Y57: =IFERROR(__xludf.DUMMYFUNCTION("""COMPUTED_VALUE"""),"")
A58: =IFERROR(__xludf.DUMMYFUNCTION("""COMPUTED_VALUE"""),"SWAC-2-C") -> SWAC-2-C | B58: =IFERROR(__xludf.DUMMYFUNCTION("""COMPUTED_VALUE"""),"LIMIT SWITCH") -> LIMIT SWITCH | C58: =IFERROR(__xludf.DUMMYFUNCTION("""COMPUTED_VALUE"""),"HD ACC 2 ISOLATION BALL VALVE CLOSED") -> HD ACC 2 ISOLATION BALL VALVE CLOSED | D58: =IFERROR(__xludf.DUMMYFUNCTION("""COMPUTED_VALUE"""),"") | E58: =IFERROR(__xludf.DUMMYFUNCTION("""COMPUTED_VALUE"""),"") | F58: =IFERROR(__xludf.DUMMYFUNCTION("""COMPUTED_VALUE"""),"") | G58: =IFERROR(__xludf.DUMMYFUNCTION("""COMPUTED_VALUE"""),"") | H58: =IFERROR(__xludf.DUMMYFUNCTION("""COMPUTED_VALUE"""),"") | I58: =IFERROR(__xludf.DUMMYFUNCTION("""COMPUTED_VALUE"""),"WIRING TO TERMINAL BOX") -> WIRING TO TERMINAL BOX | J58: =IFERROR(__xludf.DUMMYFUNCTION("""COMPUTED_VALUE"""),"") | K58: =IFERROR(__xludf.DUMMYFUNCTION("""COMPUTED_VALUE"""),"") | L58: =IFERROR(__xludf.DUMMYFUNCTION("""COMPUTED_VALUE"""),"") | M58: =IFERROR(__xludf.DUMMYFUNCTION("""COMPUTED_VALUE"""),"") | N58: =IFERROR(__xludf.DUMMYFUNCTION("""COMPUTED_VALUE"""),"") | O58: =IFERROR(__xludf.DUMMYFUNCTION("""COMPUTED_VALUE"""),"") | P58: =IFERROR(__xludf.DUMMYFUNCTION("""COMPUTED_VALUE"""),"") | Q58: =IFERROR(__xludf.DUMMYFUNCTION("""COMPUTED_VALUE"""),"") | ... Y58: =IFERROR(__xludf.DUMMYFUNCTION("""COMPUTED_VALUE"""),"")
